target_id,symbol,name,score
ENSG00000244734,HBB,hemoglobin subunit beta,0.7961315890314938
ENSG00000171848,RRM2,ribonucleotide reductase regulatory subunit M2,0.5755955131594813
ENSG00000206172,HBA1,hemoglobin subunit alpha 1,0.5751469830163006
ENSG00000188536,HBA2,hemoglobin subunit alpha 2,0.5751101423947685
ENSG00000174175,SELP,selectin P,0.556883014622482
ENSG00000169313,P2RY12,purinergic receptor P2Y12,0.3529065191301072
ENSG00000112038,OPRM1,opioid receptor mu 1,0.3405678360919527
ENSG00000169442,CD52,CD52 molecule,0.29985856666149696
ENSG00000176884,GRIN1,glutamate ionotropic receptor NMDA type subunit 1,0.29297416369422274
ENSG00000116032,GRIN3B,glutamate ionotropic receptor NMDA type subunit 3B,0.29297416369422274
ENSG00000183454,GRIN2A,glutamate ionotropic receptor NMDA type subunit 2A,0.29297416369422274
ENSG00000105464,GRIN2D,glutamate ionotropic receptor NMDA type subunit 2D,0.29297416369422274
ENSG00000198785,GRIN3A,glutamate ionotropic receptor NMDA type subunit 3A,0.29297416369422274
ENSG00000161509,GRIN2C,glutamate ionotropic receptor NMDA type subunit 2C,0.29297416369422274
ENSG00000273079,GRIN2B,glutamate ionotropic receptor NMDA type subunit 2B,0.29297416369422274
ENSG00000111424,VDR,vitamin D receptor,0.28382706229077637
ENSG00000113580,NR3C1,nuclear receptor subfamily 3 group C member 1,0.2804597791703158
ENSG00000126218,F10,coagulation factor X,0.2792586446425905
ENSG00000007908,SELE,selectin E,0.27125590597037247
ENSG00000188404,SELL,selectin L,0.27091425015130516
ENSG00000142319,SLC6A3,solute carrier family 6 member 3,0.26794539464640876
ENSG00000103546,SLC6A2,solute carrier family 6 member 2,0.26794539464640876
ENSG00000104783,KCNN4,potassium calcium-activated channel subfamily N member 4,0.18179721070693222
ENSG00000103148,NPRL3,"NPR3 like, GATOR1 complex subunit",0.12673904002053454
ENSG00000143627,PKLR,pyruvate kinase L/R,0.1233268209916837
ENSG00000164867,NOS3,nitric oxide synthase 3,0.12004083794161058
ENSG00000088832,FKBP1A,FKBP prolyl isomerase 1A,0.11661461163608977
ENSG00000106348,IMPDH1,inosine monophosphate dehydrogenase 1,0.10848677224198792
ENSG00000178035,IMPDH2,inosine monophosphate dehydrogenase 2,0.10848677224198792
ENSG00000160191,PDE9A,phosphodiesterase 9A,0.10700363403829573
ENSG00000061918,GUCY1B1,guanylate cyclase 1 soluble subunit beta 1,0.10670591693313307
ENSG00000123201,GUCY1B2,guanylate cyclase 1 soluble subunit beta 2 (pseudogene),0.10670591693313307
ENSG00000121966,CXCR4,C-X-C motif chemokine receptor 4,0.10377921301997838
ENSG00000007171,NOS2,nitric oxide synthase 2,0.10230675858265338
ENSG00000106628,POLD2,"DNA polymerase delta 2, accessory subunit",0.10060784933083547
ENSG00000062822,POLD1,"DNA polymerase delta 1, catalytic subunit",0.10060784933083547
ENSG00000177084,POLE,"DNA polymerase epsilon, catalytic subunit",0.10060784933083547
ENSG00000100479,POLE2,"DNA polymerase epsilon 2, accessory subunit",0.10060784933083547
ENSG00000146143,PRIM2,DNA primase subunit 2,0.10060784933083547
ENSG00000198056,PRIM1,DNA primase subunit 1,0.10060784933083547
ENSG00000175482,POLD4,"DNA polymerase delta 4, accessory subunit",0.10060784933083547
ENSG00000014138,POLA2,"DNA polymerase alpha 2, accessory subunit",0.10060784933083547
ENSG00000148229,POLE3,"DNA polymerase epsilon 3, accessory subunit",0.10060784933083547
ENSG00000077514,POLD3,"DNA polymerase delta 3, accessory subunit",0.10060784933083547
ENSG00000101868,POLA1,"DNA polymerase alpha 1, catalytic subunit",0.10060784933083547
ENSG00000167325,RRM1,ribonucleotide reductase catalytic subunit M1,0.10060784933083547
ENSG00000113161,HMGCR,3-hydroxy-3-methylglutaryl-CoA reductase,0.10028960001152366
ENSG00000089250,NOS1,nitric oxide synthase 1,0.09993798584421947
ENSG00000128271,ADORA2A,adenosine A2a receptor,0.0986643726005477
ENSG00000133019,CHRM3,cholinergic receptor muscarinic 3,0.09650140650100547
ENSG00000164116,GUCY1A1,guanylate cyclase 1 soluble subunit alpha 1,0.09239496367117545
ENSG00000152402,GUCY1A2,guanylate cyclase 1 soluble subunit alpha 2,0.09239496367117545
ENSG00000171759,PAH,phenylalanine hydroxylase,0.09239496367117545
ENSG00000144891,AGTR1,angiotensin II receptor type 1,0.09085001721752266
ENSG00000116478,HDAC1,histone deacetylase 1,0.08740563563293198
ENSG00000106804,C5,complement C5,0.08560716766507254
ENSG00000196591,HDAC2,histone deacetylase 2,0.08555773635950846
ENSG00000130816,DNMT1,DNA methyltransferase 1,0.08518302345128646
ENSG00000169252,ADRB2,adrenoceptor beta 2,0.08440279931361877
ENSG00000138735,PDE5A,phosphodiesterase 5A,0.0841645397876069
ENSG00000043591,ADRB1,adrenoceptor beta 1,0.0831554673040579
ENSG00000082556,OPRK1,opioid receptor kappa 1,0.0831554673040579
ENSG00000119772,DNMT3A,DNA methyltransferase 3 alpha,0.0831554673040579
ENSG00000094631,HDAC6,histone deacetylase 6,0.0831554673040579
ENSG00000119535,CSF3R,colony stimulating factor 3 receptor,0.0831554673040579
ENSG00000171720,HDAC3,histone deacetylase 3,0.0831554673040579
ENSG00000118432,CNR1,cannabinoid receptor 1,0.0831554673040579
ENSG00000156738,MS4A1,membrane spanning 4-domains A1,0.0831554673040579
ENSG00000125538,IL1B,interleukin 1 beta,0.07830380943491591
ENSG00000005421,PON1,paraoxonase 1,0.07777602719698057
ENSG00000136531,SCN2A,sodium voltage-gated channel alpha subunit 2,0.07665965827163719
ENSG00000004468,CD38,CD38 molecule,0.07594352708416893
ENSG00000188257,PLA2G2A,phospholipase A2 group IIA,0.07571253967499099
ENSG00000117601,SERPINC1,serpin family C member 1,0.07537298504081359
ENSG00000136546,SCN7A,sodium voltage-gated channel alpha subunit 7,0.07428555079162506
ENSG00000113749,HRH2,histamine receptor H2,0.07391597093694036
ENSG00000168356,SCN11A,sodium voltage-gated channel alpha subunit 11,0.07391597093694036
ENSG00000144285,SCN1A,sodium voltage-gated channel alpha subunit 1,0.07391597093694036
ENSG00000113231,PDE8B,phosphodiesterase 8B,0.07391597093694036
ENSG00000095464,PDE6C,phosphodiesterase 6C,0.07391597093694036
ENSG00000228716,DHFR,dihydrofolate reductase,0.07391597093694036
ENSG00000112541,PDE10A,phosphodiesterase 10A,0.07391597093694036
ENSG00000169432,SCN9A,sodium voltage-gated channel alpha subunit 9,0.07391597093694036
ENSG00000073417,PDE8A,phosphodiesterase 8A,0.07391597093694036
ENSG00000168356,SCN11A,sodium voltage-gated channel alpha subunit 11,0.07391597093694036
ENSG00000171408,PDE7B,phosphodiesterase 7B,0.07391597093694036
ENSG00000123360,PDE1B,phosphodiesterase 1B,0.07391597093694036
ENSG00000105650,PDE4C,phosphodiesterase 4C,0.07391597093694036
ENSG00000184588,PDE4B,phosphodiesterase 4B,0.07391597093694036
ENSG00000154678,PDE1C,phosphodiesterase 1C,0.07391597093694036
ENSG00000113448,PDE4D,phosphodiesterase 4D,0.07391597093694036
ENSG00000139053,PDE6H,phosphodiesterase 6H,0.07391597093694036
ENSG00000132915,PDE6A,phosphodiesterase 6A,0.07391597093694036
ENSG00000186642,PDE2A,phosphodiesterase 2A,0.07391597093694036
ENSG00000173198,CYSLTR1,cysteinyl leukotriene receptor 1,0.07391597093694036
ENSG00000073417,PDE8A,phosphodiesterase 8A,0.07391597093694036
ENSG00000153956,CACNA2D1,calcium voltage-gated channel auxiliary subunit alpha2delta 1,0.07391597093694036
ENSG00000112541,PDE10A,phosphodiesterase 10A,0.07391597093694036
ENSG00000172572,PDE3A,phosphodiesterase 3A,0.07391597093694036
ENSG00000123360,PDE1B,phosphodiesterase 1B,0.07391597093694036
ENSG00000133256,PDE6B,phosphodiesterase 6B,0.07391597093694036
ENSG00000105650,PDE4C,phosphodiesterase 4C,0.07391597093694036
ENSG00000113749,HRH2,histamine receptor H2,0.07391597093694036
ENSG00000156973,PDE6D,phosphodiesterase 6D,0.07391597093694036
ENSG00000159164,SV2A,synaptic vesicle glycoprotein 2A,0.07391597093694036
ENSG00000169432,SCN9A,sodium voltage-gated channel alpha subunit 9,0.07391597093694036
ENSG00000007314,SCN4A,sodium voltage-gated channel alpha subunit 4,0.07391597093694036
ENSG00000065989,PDE4A,phosphodiesterase 4A,0.07391597093694036
ENSG00000113448,PDE4D,phosphodiesterase 4D,0.07391597093694036
ENSG00000112759,SLC29A1,solute carrier family 29 member 1 (Augustine blood group),0.07391597093694036
ENSG00000183873,SCN5A,sodium voltage-gated channel alpha subunit 5,0.07391597093694036
ENSG00000188316,ENO4,enolase 4,0.06733125438108661
ENSG00000163554,SPTA1,"spectrin alpha, erythrocytic 1",0.06732387863717651
ENSG00000029534,ANK1,ankyrin 1,0.06717349811044768
ENSG00000232810,TNF,tumor necrosis factor,0.06500867925919603
ENSG00000070182,SPTB,"spectrin beta, erythrocytic",0.06034866983280797
ENSG00000113721,PDGFRB,platelet derived growth factor receptor beta,0.0573607183421422
ENSG00000134184,GSTM1,glutathione S-transferase mu 1,0.05537815752118756
ENSG00000169877,AHSP,alpha hemoglobin stabilizing protein,0.055215897586854294
ENSG00000066926,FECH,ferrochelatase,0.05451092401404322
ENSG00000075340,ADD2,adducin 2,0.05434019865339305
ENSG00000185989,RASA3,RAS p21 protein activator 3,0.05425842911054405
ENSG00000111725,PRKAB1,protein kinase AMP-activated non-catalytic subunit beta 1,0.05414036887918644
ENSG00000090659,CD209,CD209 molecule,0.05402025542641391
ENSG00000156515,HK1,hexokinase 1,0.05322360551742689
ENSG00000102145,GATA1,GATA binding protein 1,0.05283305091652441
ENSG00000168769,TET2,tet methylcytosine dioxygenase 2,0.05281712516747334
ENSG00000004939,SLC4A1,solute carrier family 4 member 1 (Diego blood group),0.05273978647643773
ENSG00000105675,ATP4A,ATPase H+/K+ transporting subunit alpha,0.052597578308019304
ENSG00000068724,TTC7A,tetratricopeptide repeat domain 7A,0.05209007330478769
ENSG00000185811,IKZF1,IKAROS family zinc finger 1,0.0517606667803072
ENSG00000134333,LDHA,lactate dehydrogenase A,0.05169498217402267
ENSG00000115107,STEAP3,STEAP3 metalloreductase,0.05168140832724866
ENSG00000005471,ABCB4,ATP binding cassette subfamily B member 4,0.051366945148225936
ENSG00000100225,FBXO7,F-box protein 7,0.05104636952905101
ENSG00000111669,TPI1,triosephosphate isomerase 1,0.0510274798920338
ENSG00000100292,HMOX1,heme oxygenase 1,0.05035640435669106
ENSG00000049768,FOXP3,forkhead box P3,0.04988368157232002
ENSG00000118513,MYB,"MYB proto-oncogene, transcription factor",0.049659791863608
ENSG00000167815,PRDX2,peroxiredoxin 2,0.04904956037251079
ENSG00000096968,JAK2,Janus kinase 2,0.04892539180744381
ENSG00000159023,EPB41,erythrocyte membrane protein band 4.1,0.04885476099077073
ENSG00000109787,KLF3,KLF transcription factor 3,0.048765240537080444
ENSG00000186716,BCR,BCR activator of RhoGEF and GTPase,0.048738343336545045
ENSG00000254087,LYN,"LYN proto-oncogene, Src family tyrosine kinase",0.048607553132414966
ENSG00000097007,ABL1,"ABL proto-oncogene 1, non-receptor tyrosine kinase",0.04859975089103829
ENSG00000116044,NFE2L2,NFE2 like bZIP transcription factor 2,0.048582692224444994
ENSG00000147894,C9orf72,C9orf72-SMCR8 complex subunit,0.04846454626086614
ENSG00000181929,PRKAG1,protein kinase AMP-activated non-catalytic subunit gamma 1,0.0484278962586099
ENSG00000013375,PGM3,phosphoglucomutase 3,0.04801653334813168
ENSG00000187045,TMPRSS6,transmembrane serine protease 6,0.047600858672682135
ENSG00000109471,IL2,interleukin 2,0.04751729256109509
ENSG00000179588,ZFPM1,"zinc finger protein, FOG family member 1",0.047395741853332125
ENSG00000159216,RUNX1,RUNX family transcription factor 1,0.04707892978901074
ENSG00000105610,KLF1,KLF transcription factor 1,0.04707871957684944
ENSG00000073756,PTGS2,prostaglandin-endoperoxide synthase 2,0.046751851617614776
ENSG00000157404,KIT,"KIT proto-oncogene, receptor tyrosine kinase",0.0466594566539436
ENSG00000095303,PTGS1,prostaglandin-endoperoxide synthase 1,0.04619748183558772
ENSG00000196262,PPIA,peptidylprolyl isomerase A,0.04619748183558772
ENSG00000160752,FDPS,farnesyl diphosphate synthase,0.04619748183558772
ENSG00000105220,GPI,glucose-6-phosphate isomerase,0.04592440338740403
ENSG00000158457,TSPAN33,tetraspanin 33,0.04582051038380932
ENSG00000101191,DIDO1,death inducer-obliterator 1,0.045380710356734535
ENSG00000188690,UROS,uroporphyrinogen III synthase,0.04532465741210735
ENSG00000144136,SLC20A1,solute carrier family 20 member 1,0.045240270011954346
ENSG00000177409,SAMD9L,sterile alpha motif domain containing 9 like,0.04511646076063497
ENSG00000148346,LCN2,lipocalin 2,0.04509464528310151
ENSG00000163864,NMNAT3,nicotinamide nucleotide adenylyltransferase 3,0.04509059017080704
ENSG00000283819,MIR144,microRNA 144,0.04506595151382807
ENSG00000284565,MIR451A,microRNA 451a,0.04506595151382807
ENSG00000104765,BNIP3L,BCL2 interacting protein 3 like,0.045046240588244885
ENSG00000259207,ITGB3,integrin subunit beta 3,0.04467481283428676
ENSG00000138190,EXOC6,exocyst complex component 6,0.04463046325172459
ENSG00000165704,HPRT1,hypoxanthine phosphoribosyltransferase 1,0.044591657366982694
ENSG00000087074,PPP1R15A,protein phosphatase 1 regulatory subunit 15A,0.044551003582967375
ENSG00000133103,COG6,component of oligomeric golgi complex 6,0.04403728758495564
ENSG00000134086,VHL,von Hippel-Lindau tumor suppressor,0.043876520348167795
ENSG00000189030,VHLL,VHL like,0.043876520348167795
ENSG00000112305,SMAP1,small ArfGAP 1,0.043693578320098875
ENSG00000123338,NCKAP1L,NCK associated protein 1 like,0.04363259764407589
ENSG00000032219,ARID4A,AT-rich interaction domain 4A,0.043553137975318686
ENSG00000085063,CD59,CD59 molecule (CD59 blood group),0.04315029593371236
ENSG00000281887,GIMAP1-GIMAP5,GIMAP1-GIMAP5 readthrough,0.043002463991838484
ENSG00000196329,GIMAP5,"GTPase, IMAP family member 5",0.043002463991838484
ENSG00000152518,ZFP36L2,ZFP36 like 2 zinc finger CCCH-type,0.04269571271245018
ENSG00000100600,LGMN,legumain,0.042623644640786655
ENSG00000166947,EPB42,erythrocyte membrane protein band 4.2,0.04260146984950557
ENSG00000110911,SLC11A2,solute carrier family 11 member 2,0.04259038245386504
ENSG00000236320,SLFN14,schlafen family member 14,0.04255157656912313
ENSG00000187323,DCC,DCC netrin 1 receptor,0.042494291691647014
ENSG00000134504,KCTD1,potassium channel tetramerization domain containing 1,0.042376026138147914
ENSG00000185532,PRKG1,protein kinase cGMP-dependent 1,0.04180687316193348
ENSG00000008083,JARID2,jumonji and AT-rich interaction domain containing 2,0.04159436474548977
ENSG00000145494,NDUFS6,NADH:ubiquinone oxidoreductase subunit S6,0.04157773365202895
ENSG00000166136,NDUFB8,NADH:ubiquinone oxidoreductase subunit B8,0.04157773365202895
ENSG00000165264,NDUFB6,NADH:ubiquinone oxidoreductase subunit B6,0.04157773365202895
ENSG00000168653,NDUFS5,NADH:ubiquinone oxidoreductase subunit S5,0.04157773365202895
ENSG00000186010,NDUFA13,NADH:ubiquinone oxidoreductase subunit A13,0.04157773365202895
ENSG00000109390,NDUFC1,NADH:ubiquinone oxidoreductase subunit C1,0.04157773365202895
ENSG00000185633,COXFA4L2,cytochrome c oxidase hypoxia associated subunit FA4L2,0.04157773365202895
ENSG00000167792,NDUFV1,NADH:ubiquinone oxidoreductase core subunit V1,0.04157773365202895
ENSG00000123545,NDUFAF4,NADH:ubiquinone oxidoreductase complex assembly factor 4,0.04157773365202895
ENSG00000145494,NDUFS6,NADH:ubiquinone oxidoreductase subunit S6,0.04157773365202895
ENSG00000198695,MT-ND6,mitochondrially encoded NADH:ubiquinone oxidoreductase core subunit 6,0.04157773365202895
ENSG00000151366,NDUFC2,NADH:ubiquinone oxidoreductase subunit C2,0.04157773365202895
ENSG00000137806,NDUFAF1,NADH:ubiquinone oxidoreductase complex assembly factor 1,0.04157773365202895
ENSG00000198840,MT-ND3,mitochondrially encoded NADH:ubiquinone oxidoreductase core subunit 3,0.04157773365202895
ENSG00000119421,NDUFA8,NADH:ubiquinone oxidoreductase subunit A8,0.04157773365202895
ENSG00000213619,NDUFS3,NADH:ubiquinone oxidoreductase core subunit S3,0.04157773365202895
ENSG00000267855,NDUFA7,NADH:ubiquinone oxidoreductase subunit A7,0.04157773365202895
ENSG00000174886,NDUFA11,NADH:ubiquinone oxidoreductase subunit A11,0.04157773365202895
ENSG00000170906,NDUFA3,NADH:ubiquinone oxidoreductase subunit A3,0.04157773365202895
ENSG00000186010,NDUFA13,NADH:ubiquinone oxidoreductase subunit A13,0.04157773365202895
ENSG00000198888,MT-ND1,mitochondrially encoded NADH:ubiquinone oxidoreductase core subunit 1,0.04157773365202895
ENSG00000164182,NDUFAF2,NADH:ubiquinone oxidoreductase complex assembly factor 2,0.04157773365202895
ENSG00000128609,NDUFA5,NADH:ubiquinone oxidoreductase subunit A5,0.04157773365202895
ENSG00000140990,NDUFB10,NADH:ubiquinone oxidoreductase subunit B10,0.04157773365202895
ENSG00000198886,MT-ND4,mitochondrially encoded NADH:ubiquinone oxidoreductase core subunit 4,0.04157773365202895
ENSG00000198695,MT-ND6,mitochondrially encoded NADH:ubiquinone oxidoreductase core subunit 6,0.04157773365202895
ENSG00000168653,NDUFS5,NADH:ubiquinone oxidoreductase subunit S5,0.04157773365202895
ENSG00000189043,COXFA4,cytochrome c oxidase associated subunit FA4,0.04157773365202895
ENSG00000115286,NDUFS7,NADH:ubiquinone oxidoreductase core subunit S7,0.04157773365202895
ENSG00000099795,NDUFB7,NADH:ubiquinone oxidoreductase subunit B7,0.04157773365202895
ENSG00000212907,MT-ND4L,mitochondrially encoded NADH:ubiquinone oxidoreductase core subunit 4L,0.04157773365202895
ENSG00000110717,NDUFS8,NADH:ubiquinone oxidoreductase core subunit S8,0.04157773365202895
ENSG00000151366,NDUFC2,NADH:ubiquinone oxidoreductase subunit C2,0.04157773365202895
ENSG00000167792,NDUFV1,NADH:ubiquinone oxidoreductase core subunit V1,0.04157773365202895
ENSG00000151366,NDUFC2,NADH:ubiquinone oxidoreductase subunit C2,0.04157773365202895
ENSG00000212907,MT-ND4L,mitochondrially encoded NADH:ubiquinone oxidoreductase core subunit 4L,0.04157773365202895
ENSG00000119013,NDUFB3,NADH:ubiquinone oxidoreductase subunit B3,0.04157773365202895
ENSG00000164182,NDUFAF2,NADH:ubiquinone oxidoreductase complex assembly factor 2,0.04157773365202895
ENSG00000178057,NDUFAF3,NADH:ubiquinone oxidoreductase complex assembly factor 3,0.04157773365202895
ENSG00000168653,NDUFS5,NADH:ubiquinone oxidoreductase subunit S5,0.04157773365202895
ENSG00000165264,NDUFB6,NADH:ubiquinone oxidoreductase subunit B6,0.04157773365202895
ENSG00000198888,MT-ND1,mitochondrially encoded NADH:ubiquinone oxidoreductase core subunit 1,0.04157773365202895
ENSG00000128609,NDUFA5,NADH:ubiquinone oxidoreductase subunit A5,0.04157773365202895
ENSG00000125356,NDUFA1,NADH:ubiquinone oxidoreductase subunit A1,0.04157773365202895
ENSG00000160194,NDUFV3,NADH:ubiquinone oxidoreductase subunit V3,0.04157773365202895
ENSG00000198763,MT-ND2,mitochondrially encoded NADH:ubiquinone oxidoreductase core subunit 2,0.04157773365202895
ENSG00000267855,NDUFA7,NADH:ubiquinone oxidoreductase subunit A7,0.04157773365202895
ENSG00000158864,NDUFS2,NADH:ubiquinone oxidoreductase core subunit S2,0.04157773365202895
ENSG00000004779,NDUFAB1,NADH:ubiquinone oxidoreductase subunit AB1,0.04157773365202895
ENSG00000115286,NDUFS7,NADH:ubiquinone oxidoreductase core subunit S7,0.04157773365202895
ENSG00000131495,NDUFA2,NADH:ubiquinone oxidoreductase subunit A2,0.04157773365202895
ENSG00000151617,EDNRA,endothelin receptor type A,0.041441091766866354
ENSG00000213689,TREX1,three prime repair exonuclease 1,0.04136522523558525
ENSG00000145431,PDGFC,platelet derived growth factor C,0.04134120254503075
ENSG00000133069,TMCC2,transmembrane and coiled-coil domain family 2,0.0410788008482046
ENSG00000066336,SPI1,Spi-1 proto-oncogene,0.04105662605692352
ENSG00000077420,APBB1IP,amyloid beta precursor protein binding family B member 1 interacting protein,0.040736939482621255
ENSG00000137033,IL33,interleukin 33,0.040653784015317204
ENSG00000080819,CPOX,coproporphyrinogen oxidase,0.04065008821677036
ENSG00000110172,CHORDC1,cysteine and histidine rich domain containing 1,0.04039323021776448
ENSG00000122025,FLT3,fms related receptor tyrosine kinase 3,0.040295291556273045
ENSG00000023839,ABCC2,ATP binding cassette subfamily C member 2,0.03994049489577572
ENSG00000105639,JAK3,Janus kinase 3,0.039886905816846445
ENSG00000158125,XDH,xanthine dehydrogenase,0.03948469656085362
ENSG00000172331,BPGM,bisphosphoglycerate mutase,0.03947667217814642
ENSG00000106605,BLVRA,biliverdin reductase A,0.039419387300670294
ENSG00000136160,EDNRB,endothelin receptor type B,0.039360254523920744
ENSG00000117400,MPL,"MPL proto-oncogene, thrombopoietin receptor",0.039325144437725695
ENSG00000175206,NPPA,natriuretic peptide A,0.03923459737332794
ENSG00000188153,COL4A5,collagen type IV alpha 5 chain,0.03922166207841398
ENSG00000072952,IRAG1,"inositol 1,4,5-triphosphate receptor associated 1",0.039144050308930194
ENSG00000089472,HEPH,hephaestin,0.0390183931583374
ENSG00000196839,ADA,adenosine deaminase,0.038985541615698754
ENSG00000187266,EPOR,erythropoietin receptor,0.03880588474189369
ENSG00000108465,CDK5RAP3,CDK5 regulatory subunit associated protein 3,0.03873566456950359
ENSG00000121807,CCR2,C-C motif chemokine receptor 2,0.03780432333569815
ENSG00000048052,HDAC9,histone deacetylase 9,0.03764581464246671
ENSG00000006071,ABCC8,ATP binding cassette subfamily C member 8,0.03751235525049724
ENSG00000012779,ALOX5,arachidonate 5-lipoxygenase,0.037327565323154885
ENSG00000078401,EDN1,endothelin 1,0.03732364716145828
ENSG00000116329,OPRD1,opioid receptor delta 1,0.03695798546847018
ENSG00000115232,ITGA4,integrin subunit alpha 4,0.03695798546847018
ENSG00000061273,HDAC7,histone deacetylase 7,0.03695798546847018
ENSG00000114013,CD86,CD86 molecule,0.03695798546847018
ENSG00000186297,GABRA5,gamma-aminobutyric acid type A receptor subunit alpha5,0.03695798546847018
ENSG00000113851,CRBN,cereblon,0.03695798546847018
ENSG00000116824,CD2,CD2 molecule,0.03695798546847018
ENSG00000182256,GABRG3,gamma-aminobutyric acid type A receptor subunit gamma3,0.03695798546847018
ENSG00000151834,GABRA2,gamma-aminobutyric acid type A receptor subunit alpha2,0.03695798546847018
ENSG00000100387,RBX1,ring-box 1,0.03695798546847018
ENSG00000011677,GABRA3,gamma-aminobutyric acid type A receptor subunit alpha3,0.03695798546847018
ENSG00000108840,HDAC5,histone deacetylase 5,0.03695798546847018
ENSG00000147099,HDAC8,histone deacetylase 8,0.03695798546847018
ENSG00000121594,CD80,CD80 molecule,0.03695798546847018
ENSG00000074803,SLC12A1,solute carrier family 12 member 1,0.03695798546847018
ENSG00000128059,PPAT,phosphoribosyl pyrophosphate amidotransferase,0.03695798546847018
ENSG00000005961,ITGA2B,integrin subunit alpha 2b,0.03695798546847018
ENSG00000100429,HDAC10,histone deacetylase 10,0.03695798546847018
ENSG00000068024,HDAC4,histone deacetylase 4,0.03695798546847018
ENSG00000163517,HDAC11,histone deacetylase 11,0.03695798546847018
ENSG00000139842,CUL4A,cullin 4A,0.03695798546847018
ENSG00000167986,DDB1,damage specific DNA binding protein 1,0.03695798546847018
ENSG00000163285,GABRG1,gamma-aminobutyric acid type A receptor subunit gamma1,0.03695798546847018
ENSG00000113327,GABRG2,gamma-aminobutyric acid type A receptor subunit gamma2,0.03695798546847018
ENSG00000068024,HDAC4,histone deacetylase 4,0.03695798546847018
ENSG00000011677,GABRA3,gamma-aminobutyric acid type A receptor subunit alpha3,0.03695798546847018
ENSG00000111530,CAND1,cullin associated and neddylation dissociated 1,0.036736237555659364
ENSG00000196776,CD47,CD47 molecule,0.03648122745592691
ENSG00000130427,EPO,erythropoietin,0.03638774226581693
ENSG00000131981,LGALS3,galectin 3,0.03609563247420588
ENSG00000116016,EPAS1,endothelial PAS domain protein 1,0.035739603880859616
ENSG00000267673,FDX2,ferredoxin 2,0.035657064379980036
ENSG00000104763,ASAH1,N-acylsphingosine amidohydrolase 1,0.03553545919899585
ENSG00000111537,IFNG,interferon gamma,0.03551376111501531
ENSG00000159339,PADI4,peptidyl arginine deiminase 4,0.035501840841012454
ENSG00000100448,CTSG,cathepsin G,0.03536140049623227
ENSG00000074181,NOTCH3,notch receptor 3,0.03525114250625134
ENSG00000110169,HPX,hemopexin,0.03519542390643903
ENSG00000178950,GAK,cyclin G associated kinase,0.035073128209578204
ENSG00000162434,JAK1,Janus kinase 1,0.03499921223864126
ENSG00000162711,NLRP3,NLR family pyrin domain containing 3,0.03490103238442871
ENSG00000187244,BCAM,basal cell adhesion molecule (Lutheran blood group),0.03488321616431157
ENSG00000081237,PTPRC,protein tyrosine phosphatase receptor type C,0.0346829134796736
ENSG00000143921,ABCG8,ATP binding cassette subfamily G member 8,0.034614849189769176
ENSG00000237330,RNF223,ring finger protein 223,0.03445962565080159
ENSG00000112182,BACH2,BACH transcriptional regulator 2,0.03413439537867906
ENSG00000006210,CX3CL1,C-X3-C motif chemokine ligand 1,0.03400134663099257
ENSG00000171456,ASXL1,ASXL transcriptional regulator 1,0.03397178024261779
ENSG00000169926,KLF13,KLF transcription factor 13,0.033831339897837605
ENSG00000140968,IRF8,interferon regulatory factor 8,0.033690899553057416
ENSG00000215041,NEURL4,neuralized E3 ubiquitin protein ligase 4,0.03360220038793309
ENSG00000213445,SIPA1,signal-induced proliferation-associated 1,0.03354306761118354
ENSG00000159197,KCNE2,potassium voltage-gated channel subfamily E regulatory subunit 2,0.033520892819902455
ENSG00000007392,LUC7L,LUC7 like,0.03351350122280876
ENSG00000227507,LTB,lymphotoxin beta,0.03318087935359253
ENSG00000226979,LTA,lymphotoxin alpha,0.03318087935359253
ENSG00000161905,ALOX15,arachidonate 15-lipoxygenase,0.03306261380009342
ENSG00000078747,ITCH,itchy E3 ubiquitin protein ligase,0.033040439008812345
ENSG00000134146,DPH6,diphthamine biosynthesis 6,0.03301826421753126
ENSG00000112769,LAMA4,laminin subunit alpha 4,0.03294434824659431
ENSG00000181163,NPM1,nucleophosmin 1,0.03293695664950062
ENSG00000261052,SULT1A3,sulfotransferase family 1A member 3,0.03287043227565738
ENSG00000197165,SULT1A2,sulfotransferase family 1A member 2,0.03287043227565738
ENSG00000196502,SULT1A1,sulfotransferase family 1A member 1,0.03287043227565738
ENSG00000213648,SULT1A4,sulfotransferase family 1A member 4,0.03287043227565738
ENSG00000172578,KLHL6,kelch like family member 6,0.032833474290188916
ENSG00000129993,CBFA2T3,CBFA2/RUNX1 partner transcriptional co-repressor 3,0.0327152087366898
ENSG00000139083,ETV6,ETS variant transcription factor 6,0.032700425542502416
ENSG00000143344,RGL1,ral guanine nucleotide dissociation stimulator like 1,0.03264868436284656
ENSG00000117425,PTCH2,patched 2,0.0326043347802844
ENSG00000115524,SF3B1,splicing factor 3b subunit 1,0.03258215998900331
ENSG00000162769,FLVCR1,FLVCR choline and heme transporter 1,0.03257476839190961
ENSG00000165219,GAPVD1,GTPase activating protein and VPS9 domains 1,0.03254520200353485
ENSG00000156136,DCK,deoxycytidine kinase,0.032537810406441145
ENSG00000130396,AFDN,"afadin, adherens junction formation factor",0.03250085242097268
ENSG00000111252,SH2B3,SH2B adaptor protein 3,0.03249346082387898
ENSG00000118762,PKD2,"polycystin 2, transient receptor potential cation channel",0.032426936450035734
ENSG00000149781,FERMT3,FERM domain containing kindlin 3,0.03241215325584835
ENSG00000162521,RBBP4,"RB binding protein 4, chromatin remodeling factor",0.03238258686747358
ENSG00000245848,CEBPA,CCAAT enhancer binding protein alpha,0.03227910450816186
ENSG00000132356,PRKAA1,protein kinase AMP-activated catalytic subunit alpha 1,0.032225515429232576
ENSG00000140368,PSTPIP1,proline-serine-threonine phosphatase interacting protein 1,0.03221258013431861
ENSG00000167258,CDK12,cyclin dependent kinase 12,0.03209431458081951
ENSG00000101265,RASSF2,Ras association domain family member 2,0.03206474819244473
ENSG00000222028,PSMB11,proteasome subunit beta 11,0.032027790206976256
ENSG00000112893,MAN2A1,mannosidase alpha class 2A member 1,0.031909524653477156
ENSG00000180871,CXCR2,C-X-C motif chemokine receptor 2,0.031850391876727606
ENSG00000175662,TOM1L2,target of myb1 like 2 membrane trafficking protein,0.03183560868254021
ENSG00000164037,SLC9B1,solute carrier family 9 member B1,0.03182082548835283
ENSG00000188763,FZD9,frizzled class receptor 9,0.03174690951741589
ENSG00000081923,ATP8B1,ATPase phospholipid transporting 8B1,0.031739517920322195
ENSG00000011405,PIK3C2A,phosphatidylinositol-4-phosphate 3-kinase catalytic subunit type 2 alpha,0.03170255993485372
ENSG00000233436,BTBD18,BTB domain containing 18,0.03168038514357264
ENSG00000213658,LAT,linker for activation of T cells,0.03162864396391678
ENSG00000240505,TNFRSF13B,TNF receptor superfamily member 13B,0.03156211959007354
ENSG00000145868,FBXO38,F-box protein 38,0.031547336395886146
ENSG00000197249,SERPINA1,serpin family A member 1,0.03144262210372548
ENSG00000131504,DIAPH1,diaphanous related formin 1,0.03143646243948074
ENSG00000107807,TLX1,T cell leukemia homeobox 1,0.03142907084238704
ENSG00000141665,FBXO15,F-box protein 15,0.03142907084238704
ENSG00000105173,CCNE1,cyclin E1,0.03139950445401226
ENSG00000133639,BTG1,BTG anti-proliferation factor 1,0.03139950445401226
ENSG00000004776,HSPB6,heat shock protein family B (small) member 6,0.03138472125982488
ENSG00000130429,ARPC1B,actin related protein 2/3 complex subunit 1B,0.031347763274356406
ENSG00000139719,VPS33A,VPS33A core subunit of CORVET and HOPS complexes,0.031325588483075324
ENSG00000145901,TNIP1,TNFAIP3 interacting protein 1,0.03131819688598163
ENSG00000146006,LRRTM2,leucine rich repeat transmembrane neuronal 2,0.03129602209470055
ENSG00000206573,THUMPD3-AS1,THUMPD3 antisense RNA 1,0.031177756541201446
ENSG00000163093,BBS5,Bardet-Biedl syndrome 5,0.031177756541201446
ENSG00000102452,NALCN,"sodium leak channel, non-selective",0.03115558174992036
ENSG00000158552,ZFAND2B,zinc finger AN1-type containing 2B,0.031133406958639274
ENSG00000138039,LHCGR,luteinizing hormone/choriogonadotropin receptor,0.031118623764451896
ENSG00000160584,SIK3,SIK family kinase 3,0.031111232167358203
ENSG00000176907,TCIM,transcriptional and immune response regulator,0.031074274181889724
ENSG00000144161,ZC3H8,zinc finger CCCH-type containing 8,0.031052099390608646
ENSG00000105810,CDK6,cyclin dependent kinase 6,0.03102992459932756
ENSG00000144567,RETREG2,reticulophagy regulator family member 2,0.03102253300223387
ENSG00000162367,TAL1,"TAL bHLH transcription factor 1, erythroid differentiation factor",0.03096340022548432
ENSG00000077150,NFKB2,nuclear factor kappa B subunit 2,0.030933833837109546
ENSG00000154265,ABCA5,ATP binding cassette subfamily A member 5,0.030926442240015853
ENSG00000079134,THOC1,THO complex subunit 1,0.030926442240015853
ENSG00000110057,UNC93B1,unc-93B1 regulator of TLR signaling,0.030919050642922156
ENSG00000164849,GPR146,G protein-coupled receptor 146,0.03089687585164107
ENSG00000135679,MDM2,MDM2 proto-oncogene,0.030882092657453685
ENSG00000130856,ZNF236,zinc finger protein 236,0.030874701060359985
ENSG00000126778,SIX1,SIX homeobox 1,0.03083774307489152
ENSG00000112699,GMDS,"GDP-mannose 4,6-dehydratase",0.03081556828361044
ENSG00000166881,NEMP1,nuclear envelope integral membrane protein 1,0.0307416523126735
ENSG00000153292,ADGRF1,adhesion G protein-coupled receptor F1,0.030734260715579807
ENSG00000211584,SLC48A1,solute carrier family 48 member 1,0.030726869118486107
ENSG00000108312,UBTF,upstream binding transcription factor,0.030719477521392417
ENSG00000006625,GGCT,gamma-glutamylcyclotransferase,0.030645561550455475
ENSG00000128606,LRRC17,leucine rich repeat containing 17,0.030630778356268085
ENSG00000259384,GH1,growth hormone 1,0.03060320233559144
ENSG00000086666,ZFAND6,zinc finger AN1-type containing 6,0.030549470788237457
ENSG00000159640,ACE,angiotensin I converting enzyme,0.03054184028323255
ENSG00000172457,OR9G4,olfactory receptor family 9 subfamily G member 4,0.030453380026019432
ENSG00000186153,WWOX,WW domain containing oxidoreductase,0.030438596831832043
ENSG00000177628,GBA1,glucosylceramidase beta 1,0.030423813637644653
ENSG00000129422,MTUS1,microtubule associated scaffold protein 1,0.030416422040550957
ENSG00000243646,IL10RB,interleukin 10 receptor subunit beta,0.030401638846363568
ENSG00000115935,WIPF1,WAS/WASL interacting protein family member 1,0.03039424724926987
ENSG00000184465,WDR27,WD repeat domain 27,0.030342506069614018
ENSG00000164736,SOX17,SRY-box transcription factor 17,0.03033511447252032
ENSG00000147168,IL2RG,interleukin 2 receptor subunit gamma,0.030327722875426632
ENSG00000112715,VEGFA,vascular endothelial growth factor A,0.03015090061593136
ENSG00000181092,ADIPOQ,"adiponectin, C1Q and collagen domain containing",0.02956638837477615
ENSG00000136244,IL6,interleukin 6,0.027457395843251544
ENSG00000165471,MBL2,mannose binding lectin 2,0.02698146641835385
ENSG00000177000,MTHFR,methylenetetrahydrofolate reductase,0.02682235768438811
ENSG00000184500,PROS1,protein S,0.026244757596590767
ENSG00000110799,VWF,von Willebrand factor,0.026003000527415953
ENSG00000017427,IGF1,insulin like growth factor 1,0.024325717401987208
ENSG00000174059,CD34,CD34 molecule,0.023831514975490048
ENSG00000257017,HP,haptoglobin,0.023155655101098717
ENSG00000087237,CETP,cholesteryl ester transfer protein,0.022913950990451508
ENSG00000163631,ALB,albumin,0.02289247825303712
ENSG00000132109,TRIM21,tripartite motif containing 21,0.022174791281082105
ENSG00000171236,LRG1,leucine rich alpha-2-glycoprotein 1,0.021066051717028005
ENSG00000136634,IL10,interleukin 10,0.020814888717060637
ENSG00000104368,PLAT,"plasminogen activator, tissue type",0.02047945601963584
ENSG00000176798,OR51L1,olfactory receptor family 51 subfamily L member 1,0.020283974529586624
ENSG00000108342,CSF3,colony stimulating factor 3,0.02017708407300138
ENSG00000091513,TF,transferrin,0.020051182348989498
ENSG00000160255,ITGB2,integrin subunit beta 2,0.0197519900114824
ENSG00000160323,ADAMTS13,ADAM metallopeptidase with thrombospondin type 1 motif 13,0.019623504976987827
ENSG00000090339,ICAM1,intercellular adhesion molecule 1,0.019623501650135836
ENSG00000254647,INS,insulin,0.019541219650371713
ENSG00000119630,PGF,placental growth factor,0.019358547374573626
ENSG00000118137,APOA1,apolipoprotein A1,0.019238072915245152
ENSG00000133116,KL,klotho,0.019205814258999972
ENSG00000134551,PRH2,proline rich protein HaeIII subfamily 2,0.019059791547891943
ENSG00000231887,PRH1,proline rich protein HaeIII subfamily 1,0.019059791547891943
ENSG00000197746,PSAP,prosaposin,0.019059791547891943
ENSG00000093010,COMT,catechol-O-methyltransferase,0.018753495866665873
ENSG00000109320,NFKB1,nuclear factor kappa B subunit 1,0.018579792437466082
ENSG00000125735,TNFSF14,TNF superfamily member 14,0.01847899273423509
ENSG00000105697,HAMP,hepcidin antimicrobial peptide,0.018430988033485304
ENSG00000143387,CTSK,cathepsin K,0.01792462295220804
ENSG00000137563,GGH,gamma-glutamyl hydrolase,0.01779116356023856
ENSG00000198959,TGM2,transglutaminase 2,0.01779116356023856
ENSG00000106366,SERPINE1,serpin family E member 1,0.017480716482303413
ENSG00000177575,CD163,CD163 molecule,0.017452382026777583
ENSG00000164924,YWHAZ,tyrosine 3-monooxygenase/tryptophan 5-monooxygenase activation protein zeta,0.017041737743794583
ENSG00000116711,PLA2G4A,phospholipase A2 group IVA,0.017041737743794583
ENSG00000163803,PLB1,phospholipase B1,0.017041737743794583
ENSG00000170890,PLA2G1B,phospholipase A2 group IB,0.017041737743794583
ENSG00000135218,CD36,CD36 molecule (CD36 blood group),0.01701308610979054
ENSG00000119866,BCL11A,BCL11 transcription factor A,0.016878425104079754
ENSG00000188672,RHCE,Rh blood group CcEe antigens,0.016842843271566276
ENSG00000241635,UGT1A1,UDP glucuronosyltransferase family 1 member A1,0.016672308455798524
ENSG00000171049,FPR2,formyl peptide receptor 2,0.016631093460811583
ENSG00000175899,A2M,alpha-2-macroglobulin,0.016631093460811583
ENSG00000183395,PMCH,pro-melanin concentrating hormone,0.016446303533469233
ENSG00000131979,GCH1,GTP cyclohydrolase 1,0.01613832032123198
ENSG00000154727,GABPA,GA binding protein transcription factor subunit alpha,0.015860756827489178
ENSG00000102245,CD40LG,CD40 ligand,0.015771746448154822
ENSG00000146674,IGFBP3,insulin like growth factor binding protein 3,0.015583950539204926
ENSG00000132693,CRP,C-reactive protein,0.01515360622381
ENSG00000291237,SOD2,superoxide dismutase 2,0.015119293962266304
ENSG00000160211,G6PD,glucose-6-phosphate dehydrogenase,0.014941103306789383
ENSG00000137801,THBS1,thrombospondin 1,0.014826972377516826
ENSG00000154146,NRGN,neurogranin,0.014783194187388075
ENSG00000067182,TNFRSF1A,TNF receptor superfamily member 1A,0.014783194187388075
ENSG00000133048,CHI3L1,chitinase 3 like 1,0.014783194187388075
ENSG00000187010,RHD,Rh blood group D antigen,0.01463035972060619
ENSG00000108691,CCL2,C-C motif chemokine ligand 2,0.014577872045896572
ENSG00000142208,AKT1,AKT serine/threonine kinase 1,0.014567605938821997
ENSG00000100197,CYP2D6,cytochrome P450 family 2 subfamily D member 6 (gene/pseudogene),0.01451687251375856
ENSG00000180210,F2,"coagulation factor II, thrombin",0.01446793702861234
ENSG00000164399,IL3,interleukin 3,0.014413614332703372
ENSG00000138696,BMPR1B,bone morphogenetic protein receptor type 1B,0.014413614332703372
ENSG00000198734,F5,coagulation factor V,0.014368321016809222
ENSG00000196689,TRPV1,transient receptor potential cation channel subfamily V member 1,0.014358587998783649
ENSG00000165732,DDX21,DExD-box helicase 21,0.014332660981314756
ENSG00000167749,KLK4,kallikrein related peptidase 4,0.01422882440536102
ENSG00000010610,CD4,CD4 molecule,0.014217114710970993
ENSG00000161610,HCRT,hypocretin neuropeptide precursor,0.01404403447801867
ENSG00000004487,KDM1A,lysine demethylase 1A,0.01395088550253764
ENSG00000103335,PIEZO1,piezo type mechanosensitive ion channel component 1 (Er blood group),0.013924877856857223
ENSG00000164742,ADCY1,adenylate cyclase 1,0.013920841193123767
ENSG00000112309,B3GAT2,"beta-1,3-glucuronyltransferase 2",0.013838712336527167
ENSG00000110693,SOX6,SRY-box transcription factor 6,0.013828446229452592
ENSG00000072274,TFRC,transferrin receptor,0.013793535133074027
ENSG00000172037,LAMB2,laminin subunit beta 2,0.013781231797758609
ENSG00000112339,HBS1L,HBS1 like translational GTPase,0.013712192227682092
ENSG00000211891,IGHE,immunoglobulin heavy constant epsilon,0.013674454623333965
ENSG00000196565,HBG2,hemoglobin subunit gamma 2,0.013652346027274458
ENSG00000213934,HBG1,hemoglobin subunit gamma 1,0.013575043425953955
ENSG00000047621,FERRY3,FERRY endosomal RAB5 effector complex subunit 3,0.013438334160618742
ENSG00000277656,GSTT1,glutathione S-transferase theta 1,0.013383307826699017
ENSG00000115138,POMC,proopiomelanocortin,0.013304874768649264
ENSG00000105854,PON2,paraoxonase 2,0.013304874768649264
ENSG00000118972,FGF23,fibroblast growth factor 23,0.013191947590828939
ENSG00000102755,FLT1,fms related receptor tyrosine kinase 1,0.013191947590828937
ENSG00000152266,PTH,parathyroid hormone,0.013120084841306914
ENSG00000177119,ANO6,anoctamin 6,0.013109818734232339
ENSG00000172179,PRL,prolactin,0.013099552627157762
ENSG00000102575,ACP5,"acid phosphatase 5, tartrate resistant",0.01293529491396456
ENSG00000162692,VCAM1,vascular cell adhesion molecule 1,0.01289622055974902
ENSG00000150782,IL18,interleukin 18,0.012847507127733589
ENSG00000101439,CST3,cystatin C,0.012707387336908996
ENSG00000130513,GDF15,growth differentiation factor 15,0.012681311424939574
ENSG00000160791,CCR5,C-C motif chemokine receptor 5,0.012609448675417549
ENSG00000117215,PLA2G2D,phospholipase A2 group IID,0.012337807482224294
ENSG00000100342,APOL1,apolipoprotein L1,0.01227797571963888
ENSG00000100644,HIF1A,hypoxia inducible factor 1 subunit alpha,0.01223719963289346
ENSG00000189403,HMGB1,high mobility group box 1,0.012203937445971837
ENSG00000180549,FUT7,fucosyltransferase 7,0.012196135204595159
ENSG00000120659,TNFSF11,TNF superfamily member 11,0.012196135204595159
ENSG00000131095,GFAP,glial fibrillary acidic protein,0.012196135204595159
ENSG00000136869,TLR4,toll like receptor 4,0.012082572500271142
ENSG00000005381,MPO,myeloperoxidase,0.012004191476720941
ENSG00000105329,TGFB1,transforming growth factor beta 1,0.01190005264525616
ENSG00000198793,MTOR,mechanistic target of rapamycin kinase,0.011842159832663809
ENSG00000104321,TRPA1,transient receptor potential cation channel subfamily A member 1,0.011826555349910457
ENSG00000069702,TGFBR3,transforming growth factor beta receptor 3,0.011783027055914259
ENSG00000104687,GSR,glutathione-disulfide reductase,0.01171362817209013
ENSG00000164400,CSF2,colony stimulating factor 2,0.011677696797329115
ENSG00000128274,A4GALT,"alpha 1,4-galactosyltransferase (P1PK blood group)",0.01152964696257039
ENSG00000091436,MAP3K20,mitogen-activated protein kinase kinase kinase 20,0.01152964696257039
ENSG00000099956,SMARCB1,SWI/SNF related BAF chromatin remodeling complex subunit B1,0.011456975495225757
ENSG00000179348,GATA2,GATA binding protein 2,0.011456975495225757
ENSG00000169032,MAP2K1,mitogen-activated protein kinase kinase 1,0.011456975495225754
ENSG00000084207,GSTP1,glutathione S-transferase pi 1,0.011456975495225754
ENSG00000169194,IL13,interleukin 13,0.011436443281076606
ENSG00000176697,BDNF,brain derived neurotrophic factor,0.01132105223755838
ENSG00000107099,DOCK8,dedicator of cytokinesis 8,0.011272185567883406
ENSG00000105371,ICAM4,intercellular adhesion molecule 4 (Landsteiner-Wiener blood group),0.011262728178631439
ENSG00000164761,TNFRSF11B,TNF receptor superfamily member 11b,0.011251653353734256
ENSG00000169429,CXCL8,C-X-C motif chemokine ligand 8,0.011230620388309465
ENSG00000100345,MYH9,myosin heavy chain 9,0.011159258390063079
ENSG00000115414,FN1,fibronectin 1,0.011087395640541056
ENSG00000166483,WEE1,WEE1 G2 checkpoint kinase,0.011087395640541052
ENSG00000242252,BGLAP,bone gamma-carboxyglutamate protein,0.011066863426391904
ENSG00000257844,KRT90P,"keratin 90, pseudogene",0.010974749338787273
ENSG00000135046,ANXA1,annexin A1,0.010892339606124127
ENSG00000118903,BTF3P11,basic transcription factor 3 pseudogene 11,0.010882073499049552
ENSG00000121691,CAT,catalase,0.010792347723217768
ENSG00000124067,SLC12A4,solute carrier family 12 member 4,0.01078721466968048
ENSG00000163131,CTSS,cathepsin S,0.010717815785856353
ENSG00000138109,CYP2C9,cytochrome P450 family 2 subfamily C member 9,0.010717815785856353
ENSG00000155957,TMBIM4,transmembrane BAX inhibitor motif containing 4,0.010717815785856353
ENSG00000151577,DRD3,dopamine receptor D3,0.010717815785856353
ENSG00000115008,IL1A,interleukin 1 alpha,0.010703225343067098
ENSG00000143839,REN,renin,0.010673055559011204
ENSG00000131781,FMO5,flavin containing dimethylaniline monoxygenase 5,0.010541534156642541
ENSG00000091262,ABCC6,ATP binding cassette subfamily C member 6,0.010533025858514003
ENSG00000163106,HPGDS,hematopoietic prostaglandin D synthase,0.010522759751439424
ENSG00000164111,ANXA5,annexin A5,0.010510421566834901
ENSG00000091879,ANGPT2,angiopoietin 2,0.010491961430215703
ENSG00000223609,HBD,hemoglobin subunit delta,0.010474804460657804
ENSG00000167165,UGT1A6,UDP glucuronosyltransferase family 1 member A6,0.010422139331365234
ENSG00000101200,AVP,arginine vasopressin,0.010397102600846628
ENSG00000244474,UGT1A4,UDP glucuronosyltransferase family 1 member A4,0.010391969547309338
ENSG00000244122,UGT1A7,UDP glucuronosyltransferase family 1 member A7,0.010391969547309338
ENSG00000242366,UGT1A8,UDP glucuronosyltransferase family 1 member A8,0.010391969547309338
ENSG00000242515,UGT1A10,UDP glucuronosyltransferase family 1 member A10,0.010391969547309338
ENSG00000142168,SOD1,superoxide dismutase 1,0.010361171226085616
ENSG00000171234,UGT2B7,UDP glucuronosyltransferase family 2 member B7,0.010348235931171651
ENSG00000109819,PPARGC1A,PPARG coactivator 1 alpha,0.010348235931171651
ENSG00000240247,DEFA1B,defensin alpha 1B,0.010317437609947924
ENSG00000206047,DEFA1,defensin alpha 1,0.010317437609947924
ENSG00000138449,SLC40A1,solute carrier family 40 member 1,0.010314470948183961
ENSG00000119899,SLC17A5,solute carrier family 17 member 5,0.010253377101802576
ENSG00000120053,GOT1,glutamic-oxaloacetic transaminase 1,0.010253377101802576
ENSG00000170989,S1PR1,sphingosine-1-phosphate receptor 1,0.010235308753351326
ENSG00000135744,AGT,angiotensinogen,0.010212312673504276
ENSG00000125730,C3,complement C3,0.010208171694798415
ENSG00000169604,ANTXR1,ANTXR cell adhesion molecule 1,0.010163446003829301
ENSG00000169896,ITGAM,integrin subunit alpha M,0.01014291378968015
ENSG00000181104,F2R,coagulation factor II thrombin receptor,0.01006078493308355
ENSG00000137462,TLR2,toll like receptor 2,0.01006078493308355
ENSG00000123454,DBH,dopamine beta-hydroxylase,0.00997865607648695
ENSG00000170180,GYPA,glycophorin A (MNS blood group),0.009824664470368323
ENSG00000169245,CXCL10,C-X-C motif chemokine ligand 10,0.009824664470368323
ENSG00000156273,BACH1,BACH transcriptional regulator 1,0.009801668390521275
ENSG00000117525,F3,"coagulation factor III, tissue factor",0.009777941112435648
ENSG00000101017,CD40,CD40 molecule,0.009742535613771723
ENSG00000154229,PRKCA,protein kinase C alpha,0.009650140650100548
ENSG00000158481,CD1C,CD1c molecule,0.009609076221802246
ENSG00000198805,PNP,purine nucleoside phosphorylase,0.009609076221802246
ENSG00000160307,S100B,S100 calcium binding protein B,0.009609076221802246
ENSG00000105122,RASAL3,RAS protein activator like 3,0.009609076221802246
ENSG00000158477,CD1A,CD1a molecule,0.009609076221802246
ENSG00000005844,ITGAL,integrin subunit alpha L,0.009609076221802246
ENSG00000140443,IGF1R,insulin like growth factor 1 receptor,0.009609076221802246
ENSG00000198805,PNP,purine nucleoside phosphorylase,0.009609076221802246
ENSG00000158485,CD1B,CD1b molecule,0.009609076221802246
ENSG00000094916,CBX5,chromobox 5,0.009588544007653096
ENSG00000271503,CCL5,C-C motif chemokine ligand 5,0.009588544007653096
ENSG00000197632,SERPINB2,serpin family B member 2,0.009588544007653096
ENSG00000204389,HSPA1A,heat shock protein family A (Hsp70) member 1A,0.009496149043981921
ENSG00000014216,CAPN1,calpain 1,0.009485882936907346
ENSG00000079332,SAR1A,secretion associated Ras related GTPase 1A,0.009485882936907346
ENSG00000120937,NPPB,natriuretic peptide B,0.009410716177006423
ENSG00000197993,KEL,Kell metallo-endopeptidase (Kell blood group),0.009403754080310744
ENSG00000144852,NR1I2,nuclear receptor subfamily 1 group I member 2,0.009403754080310744
ENSG00000163069,SGCB,sarcoglycan beta,0.009278802986469811
ENSG00000167371,PRRT2,proline rich transmembrane protein 2,0.009239496367117545
ENSG00000204632,HLA-G,"major histocompatibility complex, class I, G",0.009239496367117545
ENSG00000167701,GPT,glutamic--pyruvic transaminase,0.009239496367117545
ENSG00000279050,PWAR1,Prader Willi/Angelman region RNA 1,0.009239496367117545
ENSG00000163599,CTLA4,cytotoxic T-lymphocyte associated protein 4,0.009239496367117545
ENSG00000020633,RUNX3,RUNX family transcription factor 3,0.009239496367117545
ENSG00000042832,TG,thyroglobulin,0.009239496367117545
ENSG00000072518,MARK2,microtubule affinity regulating kinase 2,0.009239496367117545
ENSG00000164171,ITGA2,integrin subunit alpha 2,0.009239496367117545
ENSG00000163599,CTLA4,cytotoxic T-lymphocyte associated protein 4,0.009239496367117545
ENSG00000279050,PWAR1,Prader Willi/Angelman region RNA 1,0.009239496367117545
ENSG00000170606,HSPA4,heat shock protein family A (Hsp70) member 4,0.009239496367117545
ENSG00000173039,RELA,"RELA proto-oncogene, NF-kB subunit",0.009239496367117545
ENSG00000006128,TAC1,tachykinin precursor 1,0.009239496367117545
ENSG00000204632,HLA-G,"major histocompatibility complex, class I, G",0.009239496367117545
ENSG00000167701,GPT,glutamic--pyruvic transaminase,0.009239496367117545
ENSG00000185803,SLC52A2,solute carrier family 52 member 2,0.009239496367117545
ENSG00000105369,CD79A,CD79a molecule,0.009223571330408596
ENSG00000284883,KRT88P,"keratin 88, pseudogene",0.009066066434313338
ENSG00000001036,FUCA2,alpha-L-fucosidase 2,0.009054706439775195
ENSG00000075624,ACTB,actin beta,0.008985512878092558
ENSG00000185624,P4HB,prolyl 4-hydroxylase subunit beta,0.008923916235645108
ENSG00000163737,PF4,platelet factor 4,0.00892124704780572
ENSG00000177311,ZBTB38,zinc finger and BTB domain containing 38,0.008869916512432843
ENSG00000183128,CALHM3,calcium homeostasis modulator 3,0.008869916512432843
ENSG00000138115,CYP2C8,cytochrome P450 family 2 subfamily C member 8,0.008869916512432843
ENSG00000188313,PLSCR1,phospholipid scramblase 1,0.008869916512432843
ENSG00000186868,MAPT,microtubule associated protein tau,0.008869916512432843
ENSG00000169919,GUSB,glucuronidase beta,0.008869916512432843
ENSG00000169174,PCSK9,proprotein convertase subtilisin/kexin type 9,0.008818585977059966
ENSG00000104899,AMH,anti-Mullerian hormone,0.008818585977059966
ENSG00000135318,NT5E,5'-nucleotidase ecto,0.008746723227537943
ENSG00000177463,NR2C2,nuclear receptor subfamily 2 group C member 2,0.008597864674956605
ENSG00000175164,ABO,"ABO, alpha 1-3-N-acetylgalactosaminyltransferase and alpha 1-3-galactosyltransferase",0.008580001648646845
ENSG00000084674,APOB,apolipoprotein B,0.008561933300195591
ENSG00000120798,NR2C1,nuclear receptor subfamily 2 group C member 1,0.008377143372853241
ENSG00000157873,TNFRSF14,TNF receptor superfamily member 14,0.008377143372853241
ENSG00000179002,TAS1R2,taste 1 receptor member 2,0.008377143372853241
ENSG00000120798,NR2C1,nuclear receptor subfamily 2 group C member 1,0.008377143372853241
ENSG00000157873,TNFRSF14,TNF receptor superfamily member 14,0.008377143372853241
ENSG00000179002,TAS1R2,taste 1 receptor member 2,0.008377143372853241
ENSG00000196126,HLA-DRB1,"major histocompatibility complex, class II, DR beta 1",0.008343881185931618
ENSG00000258570,H3P40,H3 histone pseudogene 40,0.008315546730405791
ENSG00000115145,STAM2,signal transducing adaptor molecule 2,0.008315546730405791
ENSG00000138303,ASCC1,activating signal cointegrator 1 complex subunit 1,0.008315546730405791
ENSG00000196684,HSH2D,hematopoietic SH2 domain containing,0.008315546730405791
ENSG00000102606,ARHGEF7,Rho guanine nucleotide exchange factor 7,0.008315546730405791
ENSG00000013583,HEBP1,heme binding protein 1,0.008315546730405791
ENSG00000172232,AZU1,azurocidin 1,0.008315546730405791
ENSG00000163950,SLBP,stem-loop histone mRNA binding protein,0.008315546730405791
ENSG00000115677,HDLBP,high density lipoprotein binding protein,0.008315546730405791
ENSG00000118271,TTR,transthyretin,0.008295014516256641
ENSG00000113520,IL4,interleukin 4,0.008202619552585465
ENSG00000113889,KNG1,kininogen 1,0.008202619552585465
ENSG00000153563,CD8A,CD8 subunit alpha,0.00819235344551089
ENSG00000139618,BRCA2,BRCA2 DNA repair associated,0.00813075680306344
ENSG00000221983,UBA52,ubiquitin A-52 residue ribosomal protein fusion product 1,0.00811022458891429
ENSG00000150991,UBC,ubiquitin C,0.00811022458891429
ENSG00000155636,RBM45,RNA binding motif protein 45,0.00811022458891429
ENSG00000143947,RPS27A,ribosomal protein S27a,0.00811022458891429
ENSG00000113249,HAVCR1,hepatitis A virus cellular receptor 1,0.00811022458891429
ENSG00000170315,UBB,ubiquitin B,0.00811022458891429
ENSG00000170458,CD14,CD14 molecule,0.00811022458891429
ENSG00000173391,OLR1,oxidized low density lipoprotein receptor 1,0.00794596687572109
ENSG00000010278,CD9,CD9 molecule,0.00794596687572109
ENSG00000072694,FCGR2B,Fc gamma receptor IIb,0.00794596687572109
ENSG00000233276,GPX1,glutathione peroxidase 1,0.00794596687572109
ENSG00000107984,DKK1,dickkopf Wnt signaling pathway inhibitor 1,0.00794596687572109
ENSG00000138185,ENTPD1,ectonucleoside triphosphate diphosphohydrolase 1,0.00794596687572109
ENSG00000162104,ADCY9,adenylate cyclase 9,0.00794596687572109
ENSG00000141510,TP53,tumor protein p53,0.007925434661571938
ENSG00000170425,ADORA2B,adenosine A2b receptor,0.007925434661571938
ENSG00000170266,GLB1,galactosidase beta 1,0.007925434661571938
ENSG00000099194,SCD,stearoyl-CoA desaturase,0.007925434661571938
ENSG00000204371,EHMT2,euchromatic histone lysine methyltransferase 2,0.007761176948378739
ENSG00000102265,TIMP1,TIMP metallopeptidase inhibitor 1,0.007761176948378739
ENSG00000107562,CXCL12,C-X-C motif chemokine ligand 12,0.007761176948378739
ENSG00000107562,CXCL12,C-X-C motif chemokine ligand 12,0.007761176948378739
ENSG00000196352,CD55,CD55 molecule (Cromer blood group),0.007761176948378739
ENSG00000117560,FASLG,Fas ligand,0.007761176948378739
ENSG00000177455,CD19,CD19 molecule,0.007761176948378739
ENSG00000288705,UGT1A5,UDP glucuronosyltransferase family 1 member A5,0.007761176948378739
ENSG00000241119,UGT1A9,UDP glucuronosyltransferase family 1 member A9,0.007761176948378739
ENSG00000150337,FCGR1A,Fc gamma receptor Ia,0.007761176948378739
ENSG00000105221,AKT2,AKT serine/threonine kinase 2,0.007761176948378739
ENSG00000102265,TIMP1,TIMP metallopeptidase inhibitor 1,0.007761176948378739
ENSG00000157168,NRG1,neuregulin 1,0.007761176948378739
ENSG00000165841,CYP2C19,cytochrome P450 family 2 subfamily C member 19,0.007761176948378739
ENSG00000173744,AGFG1,ArfGAP with FG repeats 1,0.007761176948378739
ENSG00000011422,PLAUR,"plasminogen activator, urokinase receptor",0.007761176948378739
ENSG00000164299,SPZ1,spermatogenic leucine zipper 1,0.007615693640388653
ENSG00000184647,PRSS55,serine protease 55,0.007615693640388653
ENSG00000124490,CRISP2,cysteine rich secretory protein 2,0.007615693640388653
ENSG00000154188,ANGPT1,angiopoietin 1,0.0076071853422601116
ENSG00000182718,ANXA2,annexin A2,0.007576387021036387
ENSG00000153162,BMP6,bone morphogenetic protein 6,0.007522592619965613
ENSG00000101000,PROCR,protein C receptor,0.0073915970936940375
ENSG00000127241,MASP1,MBL associated serine protease 1,0.0073915970936940375
ENSG00000151623,NR3C2,nuclear receptor subfamily 3 group C member 2,0.0073915970936940375
ENSG00000171199,OPRPN,opiorphin prepropeptide,0.0073915970936940375
ENSG00000154589,LY96,lymphocyte antigen 96,0.0073915970936940375
ENSG00000125571,IL37,interleukin 37,0.0073915970936940375
ENSG00000144381,HSPD1,heat shock protein family D (Hsp60) member 1,0.0073915970936940375
ENSG00000102100,SLC35A2,solute carrier family 35 member A2,0.0073915970936940375
ENSG00000188833,ENTPD8,ectonucleoside triphosphate diphosphohydrolase 8,0.0073915970936940375
ENSG00000110243,APOA5,apolipoprotein A5,0.0073915970936940375
ENSG00000160094,ZNF362,zinc finger protein 362,0.0073915970936940375
ENSG00000165280,VCP,valosin containing protein,0.0073915970936940375
ENSG00000122852,SFTPA1,surfactant protein A1,0.0073915970936940375
ENSG00000116984,MTR,5-methyltetrahydrofolate-homocysteine methyltransferase,0.0073915970936940375
ENSG00000100867,DHRS2,dehydrogenase/reductase 2,0.0073915970936940375
ENSG00000187741,FANCA,FA complementation group A,0.0073915970936940375
ENSG00000125378,BMP4,bone morphogenetic protein 4,0.0073915970936940375
ENSG00000133063,CHIT1,chitinase 1,0.0073915970936940375
ENSG00000138755,CXCL9,C-X-C motif chemokine ligand 9,0.0073915970936940375
ENSG00000174233,ADCY6,adenylate cyclase 6,0.0073915970936940375
ENSG00000166148,AVPR1A,arginine vasopressin receptor 1A,0.0073915970936940375
ENSG00000134460,IL2RA,interleukin 2 receptor subunit alpha,0.0073915970936940375
ENSG00000142541,RPL13A,ribosomal protein L13a,0.0073915970936940375
ENSG00000157764,BRAF,"B-Raf proto-oncogene, serine/threonine kinase",0.0073915970936940375
ENSG00000064300,NGFR,nerve growth factor receptor,0.0073915970936940375
ENSG00000114745,GORASP1,golgi reassembly stacking protein 1,0.0073915970936940375
ENSG00000160201,U2AF1,U2 small nuclear RNA auxiliary factor 1,0.0073915970936940375
ENSG00000101132,PFDN4,prefoldin subunit 4,0.0073915970936940375
ENSG00000175166,PSMD2,"proteasome 26S subunit ubiquitin receptor, non-ATPase 2",0.0073915970936940375
ENSG00000102100,SLC35A2,solute carrier family 35 member A2,0.0073915970936940375
ENSG00000181090,EHMT1,euchromatic histone lysine methyltransferase 1,0.0073915970936940375
ENSG00000174233,ADCY6,adenylate cyclase 6,0.0073915970936940375
ENSG00000185245,GP1BA,glycoprotein Ib platelet subunit alpha,0.0073915970936940375
ENSG00000079999,KEAP1,kelch like ECH associated protein 1,0.0073915970936940375
ENSG00000172183,ISG20,interferon stimulated exonuclease gene 20,0.0073915970936940375
ENSG00000171388,APLN,apelin,0.0073915970936940375
ENSG00000178394,HTR1A,5-hydroxytryptamine receptor 1A,0.0073915970936940375
ENSG00000196344,ADH7,"alcohol dehydrogenase 7 (class IV), mu or sigma polypeptide",0.0073915970936940375
ENSG00000103222,ABCC1,ATP binding cassette subfamily C member 1 (ABCC1 blood group),0.0073915970936940375
ENSG00000092199,HNRNPC,heterogeneous nuclear ribonucleoprotein C,0.0073915970936940375
ENSG00000114026,OGG1,8-oxoguanine DNA glycosylase,0.0073915970936940375
ENSG00000197272,IL27,interleukin 27,0.0073915970936940375
ENSG00000101132,PFDN4,prefoldin subunit 4,0.0073915970936940375
ENSG00000211689,TRGC1,T cell receptor gamma constant 1,0.0073915970936940375
ENSG00000108946,PRKAR1A,protein kinase cAMP-dependent type I regulatory subunit alpha,0.0073915970936940375
ENSG00000160201,U2AF1,U2 small nuclear RNA auxiliary factor 1,0.0073915970936940375
ENSG00000118702,GHRH,growth hormone releasing hormone,0.0073915970936940375
ENSG00000122852,SFTPA1,surfactant protein A1,0.0073915970936940375
ENSG00000060237,WNK1,WNK lysine deficient protein kinase 1,0.0073915970936940375
ENSG00000136144,RCBTB1,RCC1 and BTB domain containing protein 1,0.0073915970936940375
ENSG00000111142,METAP2,methionyl aminopeptidase 2,0.0073915970936940375
ENSG00000113318,MSH3,mutS homolog 3,0.0073915970936940375
ENSG00000108946,PRKAR1A,protein kinase cAMP-dependent type I regulatory subunit alpha,0.0073915970936940375
ENSG00000171199,OPRPN,opiorphin prepropeptide,0.0073915970936940375
ENSG00000197919,IFNA1,interferon alpha 1,0.0073915970936940375
ENSG00000136731,UGGT1,UDP-glucose glycoprotein glucosyltransferase 1,0.0073915970936940375
ENSG00000159289,GOLGA6A,golgin A6 family member A,0.0073915970936940375
ENSG00000160094,ZNF362,zinc finger protein 362,0.0073915970936940375
ENSG00000185303,SFTPA2,surfactant protein A2,0.0073915970936940375
ENSG00000204642,HLA-F,"major histocompatibility complex, class I, F",0.0073915970936940375
ENSG00000188822,CNR2,cannabinoid receptor 2,0.0073915970936940375
ENSG00000164535,DAGLB,diacylglycerol lipase beta,0.0073915970936940375
ENSG00000181090,EHMT1,euchromatic histone lysine methyltransferase 1,0.0073915970936940375
ENSG00000129450,SIGLEC9,sialic acid binding Ig like lectin 9,0.0073915970936940375
ENSG00000138755,CXCL9,C-X-C motif chemokine ligand 9,0.0073915970936940375
ENSG00000187741,FANCA,FA complementation group A,0.0073915970936940375
ENSG00000116984,MTR,5-methyltetrahydrofolate-homocysteine methyltransferase,0.0073915970936940375
ENSG00000125378,BMP4,bone morphogenetic protein 4,0.0073915970936940375
ENSG00000157764,BRAF,"B-Raf proto-oncogene, serine/threonine kinase",0.0073915970936940375
ENSG00000291135,FCGR1BP,"Fc gamma receptor Ib, pseudogene ",0.0073915970936940375
ENSG00000064300,NGFR,nerve growth factor receptor,0.0073915970936940375
ENSG00000142541,RPL13A,ribosomal protein L13a,0.0073915970936940375
ENSG00000100100,PIK3IP1,phosphoinositide-3-kinase interacting protein 1,0.0073915970936940375
ENSG00000182628,SKA2,spindle and kinetochore associated complex subunit 2,0.0073915970936940375
ENSG00000197272,IL27,interleukin 27,0.0073915970936940375
ENSG00000091592,NLRP1,NLR family pyrin domain containing 1,0.0073915970936940375
ENSG00000198625,MDM4,MDM4 regulator of p53,0.0073915970936940375
ENSG00000171199,OPRPN,opiorphin prepropeptide,0.0073915970936940375
ENSG00000179409,GEMIN4,gem nuclear organelle associated protein 4,0.0073915970936940375
ENSG00000185303,SFTPA2,surfactant protein A2,0.0073915970936940375
ENSG00000064300,NGFR,nerve growth factor receptor,0.0073915970936940375
ENSG00000157764,BRAF,"B-Raf proto-oncogene, serine/threonine kinase",0.0073915970936940375
ENSG00000110848,CD69,CD69 molecule,0.0073915970936940375
ENSG00000124205,EDN3,endothelin 3,0.0073915970936940375
ENSG00000121057,AKAP1,A-kinase anchoring protein 1,0.0073915970936940375
ENSG00000127241,MASP1,MBL associated serine protease 1,0.0073915970936940375
ENSG00000188379,IFNA2,interferon alpha 2,0.0073915970936940375
ENSG00000204592,HLA-E,"major histocompatibility complex, class I, E",0.0073915970936940375
ENSG00000132170,PPARG,peroxisome proliferator activated receptor gamma,0.0073915970936940375
ENSG00000125571,IL37,interleukin 37,0.0073915970936940375
ENSG00000026103,FAS,Fas cell surface death receptor,0.0073915970936940375
ENSG00000089820,ARHGAP4,Rho GTPase activating protein 4,0.0073915970936940375
ENSG00000086758,HUWE1,"HECT, UBA and WWE domain containing E3 ubiquitin protein ligase 1",0.0073915970936940375
ENSG00000106991,ENG,endoglin,0.0073915970936940375
ENSG00000127528,KLF2,KLF transcription factor 2,0.0073915970936940375
ENSG00000214274,ANG,angiogenin,0.0073915970936940375
ENSG00000167157,PRRX2,paired related homeobox 2,0.007268403808799135
ENSG00000069764,PLA2G10,phospholipase A2 group X,0.007186274952202535
ENSG00000148120,AOPEP,aminopeptidase O (putative),0.007083613881456784
ENSG00000130203,APOE,apolipoprotein E,0.007083613881456784
ENSG00000105852,PON3,paraoxonase 3,0.006652437384324632
ENSG00000110448,CD5,CD5 molecule,0.005913277674955229
ENSG00000143226,FCGR2A,Fc gamma receptor IIa,0.005605294462717976
ENSG00000010704,HFE,homeostatic iron regulator,0.005543697820270528
ENSG00000134982,APC,APC regulator of Wnt signaling pathway,0.005543697820270526
ENSG00000072315,TRPC5,transient receptor potential cation channel subfamily C member 5,0.005543697820270526
ENSG00000117335,CD46,CD46 molecule,0.005523165606121377
ENSG00000112115,IL17A,interleukin 17A,0.005523165606121377
ENSG00000001626,CFTR,CF transmembrane conductance regulator,0.00544441199411603
ENSG00000141655,TNFRSF11A,TNF receptor superfamily member 11a,0.005358907892928176
ENSG00000213931,HBE1,hemoglobin subunit epsilon 1,0.005346177920155704
ENSG00000205359,SLCO6A1,solute carrier organic anion transporter family member 6A1,0.005245980715107851
ENSG00000197448,GSTK1,glutathione S-transferase kappa 1,0.005245980715107851
ENSG00000073060,SCARB1,scavenger receptor class B member 1,0.0051741179655858255
ENSG00000091483,FH,fumarate hydratase,0.005174117965585825
ENSG00000250361,GYPB,glycophorin B (MNS blood group),0.005004727198855337
ENSG00000110876,SELPLG,selectin P ligand,0.004989328038243475
ENSG00000108813,DLX4,distal-less homeobox 4,0.004968795824094324
ENSG00000187840,EIF4EBP1,eukaryotic translation initiation factor 4E binding protein 1,0.004968795824094324
ENSG00000185615,PDIA2,protein disulfide isomerase family A member 2,0.004958529717019749
ENSG00000142623,PADI1,peptidyl arginine deiminase 1,0.004958529717019749
ENSG00000055332,EIF2AK2,eukaryotic translation initiation factor 2 alpha kinase 2,0.0048739369947252515
ENSG00000057593,F7,coagulation factor VII,0.004804538110901123
ENSG00000137752,CASP1,caspase 1,0.004804538110901123
ENSG00000162747,FCGR3B,Fc gamma receptor IIIb,0.004804538110901123
ENSG00000176170,SPHK1,sphingosine kinase 1,0.004719316851438795
ENSG00000213614,HEXA,hexosaminidase subunit alpha,0.004619748183558772
ENSG00000196712,NF1,neurofibromin 1,0.004619748183558772
ENSG00000115594,IL1R1,interleukin 1 receptor type 1,0.004619748183558772
ENSG00000166794,PPIB,peptidylprolyl isomerase B,0.004506821005738447
ENSG00000081051,AFP,alpha fetoprotein,0.004496554898663872
ENSG00000120738,EGR1,early growth response 1,0.0044349582562164215
ENSG00000136826,KLF4,KLF transcription factor 4,0.0044349582562164215
ENSG00000011021,CLCN6,chloride voltage-gated channel 6,0.0044349582562164215
ENSG00000107643,MAPK8,mitogen-activated protein kinase 8,0.0044349582562164215
ENSG00000100243,CYB5R3,cytochrome b5 reductase 3,0.0044349582562164215
ENSG00000069869,NEDD4,NEDD4 E3 ubiquitin protein ligase,0.0044349582562164215
ENSG00000102882,MAPK3,mitogen-activated protein kinase 3,0.0044144260420672715
ENSG00000075673,ATP12A,ATPase H+/K+ transporting non-gastric alpha2 subunit,0.0044144260420672715
ENSG00000063176,SPHK2,sphingosine kinase 2,0.0042501683288740716
ENSG00000197465,GYPE,glycophorin E (MNS blood group),0.0042501683288740716
ENSG00000213918,DNASE1,deoxyribonuclease 1,0.004229636114724921
ENSG00000069482,GAL,galanin and GMAP prepropeptide,0.00406537840153172
ENSG00000134339,SAA2,serum amyloid A2,0.00406537840153172
ENSG00000163687,DNASE1L3,deoxyribonuclease 1L3,0.00406537840153172
ENSG00000277734,TRAC,T cell receptor alpha constant,0.00406537840153172
ENSG00000176340,COX8A,cytochrome c oxidase subunit 8A,0.00406537840153172
ENSG00000000971,CFH,complement factor H,0.00406537840153172
ENSG00000219430,MBL3P,"mannose-binding lectin family member 3, pseudogene",0.00406537840153172
ENSG00000173432,SAA1,serum amyloid A1,0.00406537840153172
ENSG00000160200,CBS,cystathionine beta-synthase,0.00406537840153172
ENSG00000101441,CST4,cystatin S,0.00406537840153172
ENSG00000185946,RNPC3,"RNA binding region (RNP1, RRM) containing 3",0.00406537840153172
ENSG00000084453,SLCO1A2,solute carrier organic anion transporter family member 1A2,0.0036957985468470188
ENSG00000122420,PTGFR,prostaglandin F receptor,0.0036957985468470188
ENSG00000176890,TYMS,thymidylate synthetase,0.0036957985468470188
ENSG00000145649,GZMA,granzyme A,0.0036957985468470188
ENSG00000132604,TERF2,telomeric repeat binding factor 2,0.0036957985468470188
ENSG00000168283,BMI1,"BMI1 proto-oncogene, polycomb ring finger",0.0036957985468470188
ENSG00000151067,CACNA1C,calcium voltage-gated channel subunit alpha1 C,0.0036957985468470188
ENSG00000101981,F9,coagulation factor IX,0.0036957985468470188
ENSG00000266524,GDF10,growth differentiation factor 10,0.0036957985468470188
ENSG00000131914,LIN28A,lin-28 RNA binding posttranscriptional regulator A,0.0036957985468470188
ENSG00000137672,TRPC6,transient receptor potential cation channel subfamily C member 6,0.0036957985468470188
ENSG00000122420,PTGFR,prostaglandin F receptor,0.0036957985468470188
ENSG00000117394,SLC2A1,solute carrier family 2 member 1,0.0036957985468470188
ENSG00000183090,FREM3,FRAS1 related extracellular matrix 3,0.0036957985468470188
ENSG00000059377,TBXAS1,thromboxane A synthase 1,0.0036957985468470188
ENSG00000125845,BMP2,bone morphogenetic protein 2,0.0036957985468470188
ENSG00000187498,COL4A1,collagen type IV alpha 1 chain,0.0036957985468470188
ENSG00000176239,OR51B6,olfactory receptor family 51 subfamily B member 6,0.0036957985468470188
ENSG00000151067,CACNA1C,calcium voltage-gated channel subunit alpha1 C,0.0036957985468470188
ENSG00000132604,TERF2,telomeric repeat binding factor 2,0.0036957985468470188
ENSG00000145649,GZMA,granzyme A,0.0036957985468470188
ENSG00000230712,GGTLC4P,gamma-glutamyltransferase light chain 4 pseudogene,0.0036957985468470188
ENSG00000134871,COL4A2,collagen type IV alpha 2 chain,0.0036957985468470188
ENSG00000136689,IL1RN,interleukin 1 receptor antagonist,0.0036957985468470188
ENSG00000160712,IL6R,interleukin 6 receptor,0.0036957985468470188
ENSG00000205336,ADGRG1,adhesion G protein-coupled receptor G1,0.0036957985468470188
ENSG00000116218,NPHS2,"NPHS2 stomatin family member, podocin",0.0036957985468470188
ENSG00000151067,CACNA1C,calcium voltage-gated channel subunit alpha1 C,0.0036957985468470188
ENSG00000137193,PIM1,"Pim-1 proto-oncogene, serine/threonine kinase",0.0036957985468470188
ENSG00000183090,FREM3,FRAS1 related extracellular matrix 3,0.0036957985468470188
ENSG00000166710,B2M,beta-2-microglobulin,0.0036957985468470188
ENSG00000236311,TLX1NB,TLX1 neighbor,0.0036957985468470188
ENSG00000230712,GGTLC4P,gamma-glutamyltransferase light chain 4 pseudogene,0.0036957985468470188
ENSG00000084453,SLCO1A2,solute carrier organic anion transporter family member 1A2,0.0036957985468470188
ENSG00000138741,TRPC3,transient receptor potential cation channel subfamily C member 3,0.0036957985468470188
ENSG00000125845,BMP2,bone morphogenetic protein 2,0.0036957985468470188
ENSG00000176890,TYMS,thymidylate synthetase,0.0036957985468470188
ENSG00000164458,TBXT,T-box transcription factor T,0.0036957985468470188
ENSG00000167772,ANGPTL4,angiopoietin like 4,0.0036957985468470188
ENSG00000125503,PPP1R12C,protein phosphatase 1 regulatory subunit 12C,0.0036957985468470188
ENSG00000164458,TBXT,T-box transcription factor T,0.0036957985468470188
ENSG00000134871,COL4A2,collagen type IV alpha 2 chain,0.0036957985468470188
ENSG00000120437,ACAT2,acetyl-CoA acetyltransferase 2,0.0036957985468470188
ENSG00000137869,CYP19A1,cytochrome P450 family 19 subfamily A member 1,0.0036957985468470188
ENSG00000140675,SLC5A2,solute carrier family 5 member 2,0.0035110086195046675
ENSG00000178726,THBD,thrombomodulin,0.0035110086195046675
ENSG00000110721,CHKA,choline kinase alpha,0.003490476405355517
ENSG00000169083,AR,androgen receptor,0.003490476405355517
ENSG00000100985,MMP9,matrix metallopeptidase 9,0.003326218692162316
ENSG00000162368,CMPK1,cytidine/uridine monophosphate kinase 1,0.003326218692162316
ENSG00000174437,ATP2A2,ATPase sarcoplasmic/endoplasmic reticulum Ca2+ transporting 2,0.003326218692162316
ENSG00000087085,ACHE,acetylcholinesterase (Yt blood group),0.003326218692162316
ENSG00000100288,CHKB,choline kinase beta,0.003326218692162316
ENSG00000163736,PPBP,pro-platelet basic protein,0.0030876343637491924
ENSG00000140943,MBTPS1,"membrane bound transcription factor peptidase, site 1",0.0029566388374776143
ENSG00000169474,SPRR1A,small proline rich protein 1A,0.0029566388374776143
ENSG00000173083,HPSE,heparanase,0.0029566388374776143
ENSG00000089289,IGBP1,immunoglobulin binding protein 1,0.0029566388374776143
ENSG00000187098,MITF,melanocyte inducing transcription factor,0.0029566388374776143
ENSG00000130164,LDLR,low density lipoprotein receptor,0.0029566388374776143
ENSG00000123384,LRP1,LDL receptor related protein 1,0.0029566388374776143
ENSG00000140199,SLC12A6,solute carrier family 12 member 6,0.0029566388374776143
ENSG00000170893,TRH,thyrotropin releasing hormone,0.0029566388374776143
ENSG00000086232,EIF2AK1,eukaryotic translation initiation factor 2 alpha kinase 1,0.0029566388374776143
ENSG00000213088,ACKR1,atypical chemokine receptor 1 (Duffy blood group),0.002843711659657289
ENSG00000047457,CP,ceruloplasmin,0.002843711659657289
ENSG00000239839,DEFA3,defensin alpha 3,0.002771848910135263
ENSG00000138279,ANXA7,annexin A7,0.002771848910135263
ENSG00000162409,PRKAA2,protein kinase AMP-activated catalytic subunit alpha 2,0.002771848910135263
ENSG00000133895,MEN1,menin 1,0.002771848910135263
ENSG00000113141,IK,IK cytokine,0.002771848910135263
ENSG00000170782,OR10A4,olfactory receptor family 10 subfamily A member 4,0.002771848910135263
ENSG00000118058,KMT2A,lysine methyltransferase 2A,0.002771848910135263
ENSG00000083444,PLOD1,"procollagen-lysine,2-oxoglutarate 5-dioxygenase 1",0.002751316695986113
ENSG00000206503,HLA-A,"major histocompatibility complex, class I, A",0.002751316695986113
ENSG00000198947,DMD,dystrophin,0.002751316695986113
ENSG00000118520,ARG1,arginase 1,0.002751316695986113
ENSG00000243649,CFB,complement factor B,0.0025870589827929123
ENSG00000085733,CTTN,cortactin,0.0025870589827929123
ENSG00000077238,IL4R,interleukin 4 receptor,0.0025870589827929123
ENSG00000119725,ZNF410,zinc finger protein 410,0.0025870589827929123
ENSG00000105642,KCNN1,potassium calcium-activated channel subfamily N member 1,0.0025870589827929123
ENSG00000198125,MB,myoglobin,0.0025870589827929123
ENSG00000155090,KLF10,KLF transcription factor 10,0.0025870589827929123
ENSG00000240583,AQP1,aquaporin 1 (Colton blood group),0.0025870589827929123
ENSG00000124721,DNAH8,dynein axonemal heavy chain 8,0.0025870589827929123
ENSG00000165238,WNK2,WNK lysine deficient protein kinase 2,0.0025870589827929123
ENSG00000209042,SNORD12C,"small nucleolar RNA, C/D box 12C",0.0022174791281082107
ENSG00000138448,ITGAV,integrin subunit alpha V,0.0022174791281082107
ENSG00000123560,PLP1,proteolipid protein 1,0.0022174791281082107
ENSG00000087494,PTHLH,parathyroid hormone like hormone,0.0022174791281082107
ENSG00000162399,BSND,barttin CLCNK type accessory subunit beta,0.0022174791281082107
ENSG00000141480,ARRB2,arrestin beta 2,0.0022174791281082107
ENSG00000126432,PRDX5,peroxiredoxin 5,0.0022174791281082107
ENSG00000143479,DYRK3,dual specificity tyrosine phosphorylation regulated kinase 3,0.0022174791281082107
ENSG00000137309,HMGA1,high mobility group AT-hook 1,0.0022174791281082107
ENSG00000102683,SGCG,sarcoglycan gamma,0.0022174791281082107
ENSG00000187446,CHP1,calcineurin like EF-hand protein 1,0.0022174791281082107
ENSG00000103415,HMOX2,heme oxygenase 2,0.0022174791281082107
ENSG00000086598,TMED2,transmembrane p24 trafficking protein 2,0.0022174791281082107
ENSG00000241360,PDXP,pyridoxal phosphatase,0.0022174791281082107
ENSG00000132386,SERPINF1,serpin family F member 1,0.0022174791281082107
ENSG00000067900,ROCK1,Rho associated coiled-coil containing protein kinase 1,0.0022174791281082107
ENSG00000178458,H3P16,H3 histone pseudogene 16,0.0022174791281082107
ENSG00000150275,PCDH15,protocadherin related 15,0.0022174791281082107
ENSG00000012048,BRCA1,BRCA1 DNA repair associated,0.0022174791281082107
ENSG00000180176,TH,tyrosine hydroxylase,0.0022174791281082107
ENSG00000165025,SYK,spleen associated tyrosine kinase,0.0022174791281082107
ENSG00000198712,MT-CO2,mitochondrially encoded cytochrome c oxidase II,0.0022174791281082107
ENSG00000067900,ROCK1,Rho associated coiled-coil containing protein kinase 1,0.0022174791281082107
ENSG00000026508,CD44,CD44 molecule (IN blood group),0.0022174791281082107
ENSG00000241360,PDXP,pyridoxal phosphatase,0.0022174791281082107
ENSG00000132386,SERPINF1,serpin family F member 1,0.0022174791281082107
ENSG00000143479,DYRK3,dual specificity tyrosine phosphorylation regulated kinase 3,0.0022174791281082107
ENSG00000271296,H3P19,H3 histone pseudogene 19,0.0022174791281082107
ENSG00000213398,LCAT,lecithin-cholesterol acyltransferase,0.0022174791281082107
ENSG00000077498,TYR,tyrosinase,0.0022174791281082107
ENSG00000178537,SLC25A20,solute carrier family 25 member 20,0.0022174791281082107
ENSG00000179218,CALR,calreticulin,0.0022174791281082107
ENSG00000162399,BSND,barttin CLCNK type accessory subunit beta,0.0022174791281082107
ENSG00000165025,SYK,spleen associated tyrosine kinase,0.0022174791281082107
ENSG00000171766,GATM,glycine amidinotransferase,0.0022174791281082107
ENSG00000200320,SNORA63,"small nucleolar RNA, H/ACA box 63",0.0022174791281082107
ENSG00000012817,KDM5D,lysine demethylase 5D,0.0022174791281082107
ENSG00000150275,PCDH15,protocadherin related 15,0.0022174791281082107
ENSG00000181619,GPR135,G protein-coupled receptor 135,0.0022174791281082107
ENSG00000077498,TYR,tyrosinase,0.0022174791281082107
ENSG00000179094,PER1,period circadian regulator 1,0.0022174791281082107
ENSG00000119138,KLF9,KLF transcription factor 9,0.0022174791281082107
ENSG00000178458,H3P16,H3 histone pseudogene 16,0.0022174791281082107
ENSG00000149294,NCAM1,neural cell adhesion molecule 1,0.0022174791281082107
ENSG00000081181,ARG2,arginase 2,0.0022174791281082107
ENSG00000141469,SLC14A1,solute carrier family 14 member 1 (Kidd blood group),0.0022174791281082107
ENSG00000140545,MFGE8,milk fat globule EGF and factor V/VIII domain containing,0.0022174791281082107
ENSG00000102683,SGCG,sarcoglycan gamma,0.0022174791281082107
ENSG00000124406,ATP8A1,ATPase phospholipid transporting 8A1,0.0022174791281082107
ENSG00000077498,TYR,tyrosinase,0.0022174791281082107
ENSG00000143546,S100A8,S100 calcium binding protein A8,0.0022174791281082107
ENSG00000132326,PER2,period circadian regulator 2,0.0022174791281082107
ENSG00000079805,DNM2,dynamin 2,0.0022174791281082107
ENSG00000087494,PTHLH,parathyroid hormone like hormone,0.0022174791281082107
ENSG00000101986,ABCD1,ATP binding cassette subfamily D member 1,0.0022174791281082107
ENSG00000112576,CCND3,cyclin D3,0.0022174791281082107
ENSG00000102931,ARL2BP,ARF like GTPase 2 binding protein,0.0022174791281082107
ENSG00000171552,BCL2L1,BCL2 like 1,0.0022174791281082107
ENSG00000143149,ALDH9A1,aldehyde dehydrogenase 9 family member A1,0.0022174791281082107
ENSG00000213398,LCAT,lecithin-cholesterol acyltransferase,0.0022174791281082107
ENSG00000028839,TBPL1,TATA-box binding protein like 1,0.0022174791281082107
ENSG00000229344,MTCO2P12,MT-CO2 pseudogene 12,0.0022174791281082107
ENSG00000138448,ITGAV,integrin subunit alpha V,0.0022174791281082107
ENSG00000244731,C4A,complement C4A (Chido/Rodgers blood group),0.0022174791281082107
ENSG00000132819,RBM38,RNA binding motif protein 38,0.0022174791281082107
ENSG00000180176,TH,tyrosine hydroxylase,0.0022174791281082107
ENSG00000012048,BRCA1,BRCA1 DNA repair associated,0.0022174791281082107
ENSG00000179218,CALR,calreticulin,0.0022174791281082107
ENSG00000196396,PTPN1,protein tyrosine phosphatase non-receptor type 1,0.0022174791281082107
ENSG00000123560,PLP1,proteolipid protein 1,0.0022174791281082107
ENSG00000152954,NRSN1,neurensin 1,0.0022174791281082107
ENSG00000178537,SLC25A20,solute carrier family 25 member 20,0.0022174791281082107
ENSG00000161544,CYGB,cytoglobin,0.0022174791281082107
ENSG00000124762,CDKN1A,cyclin dependent kinase inhibitor 1A,0.0022174791281082107
ENSG00000104518,GSDMD,gasdermin D,0.0021045519502878854
ENSG00000204256,BRD2,bromodomain containing 2,0.00201215698661671
ENSG00000110680,CALCA,calcitonin related polypeptide alpha,0.00201215698661671
ENSG00000135346,CGA,"glycoprotein hormones, alpha polypeptide",0.00201215698661671
ENSG00000007952,NOX1,NADPH oxidase 1,0.0018478992734235094
ENSG00000178951,ZBTB7A,zinc finger and BTB domain containing 7A,0.0018478992734235094
ENSG00000064547,LPAR2,lysophosphatidic acid receptor 2,0.0018478992734235094
ENSG00000115041,KCNIP3,potassium voltage-gated channel interacting protein 3,0.0018478992734235094
ENSG00000130234,ACE2,angiotensin converting enzyme 2,0.0018478992734235094
ENSG00000204388,HSPA1B,heat shock protein family A (Hsp70) member 1B,0.0018478992734235094
ENSG00000130702,LAMA5,laminin subunit alpha 5,0.0018478992734235094
ENSG00000144476,ACKR3,atypical chemokine receptor 3,0.0018478992734235094
ENSG00000274286,ADRA2B,adrenoceptor alpha 2B,0.0018478992734235094
ENSG00000126088,UROD,uroporphyrinogen decarboxylase,0.0018478992734235094
ENSG00000172215,CXCR6,C-X-C motif chemokine receptor 6,0.0018478992734235094
ENSG00000126251,GPR42,G protein-coupled receptor 42,0.0018478992734235094
ENSG00000177225,GATD1,glutamine amidotransferase class 1 domain containing 1,0.0018478992734235094
ENSG00000172270,BSG,basigin (Ok blood group),0.0018478992734235094
ENSG00000149823,VPS51,VPS51 subunit of GARP complex,0.0018478992734235094
ENSG00000105655,ISYNA1,inositol-3-phosphate synthase 1,0.0018478992734235094
ENSG00000132671,SSTR4,somatostatin receptor 4,0.0018478992734235094
ENSG00000149809,TM7SF2,transmembrane 7 superfamily member 2,0.0018478992734235094
ENSG00000172215,CXCR6,C-X-C motif chemokine receptor 6,0.0018478992734235094
ENSG00000102239,BRS3,bombesin receptor subtype 3,0.0018478992734235094
ENSG00000104044,OCA2,OCA2 melanosomal transmembrane protein,0.0018478992734235094
ENSG00000120907,ADRA1A,adrenoceptor alpha 1A,0.0018478992734235094
ENSG00000197442,MAP3K5,mitogen-activated protein kinase kinase kinase 5,0.0018478992734235094
ENSG00000049239,H6PD,hexose-6-phosphate dehydrogenase/glucose 1-dehydrogenase,0.0018478992734235094
ENSG00000189052,CGB5,chorionic gonadotropin subunit beta 5,0.0018478992734235094
ENSG00000103111,MON1B,MON1 vesicular trafficking associated B,0.0014783194187388072
ENSG00000033627,ATP6V0A1,ATPase H+ transporting V0 subunit a1,0.0014783194187388072
ENSG00000126231,PROZ,"protein Z, vitamin K dependent plasma glycoprotein",0.0014783194187388072
ENSG00000116748,AMPD1,adenosine monophosphate deaminase 1,0.0014783194187388072
ENSG00000171873,ADRA1D,adrenoceptor alpha 1D,0.0014783194187388072
ENSG00000188389,PDCD1,programmed cell death 1,0.0014783194187388072
ENSG00000143933,CALM2,calmodulin 2,0.0014783194187388072
ENSG00000226344,CST12P,"cystatin 12, pseudogene",0.0014783194187388072
ENSG00000120725,SIL1,SIL1 nucleotide exchange factor,0.0014783194187388072
ENSG00000163918,RFC4,replication factor C subunit 4,0.0014783194187388072
ENSG00000100934,SEC23A,"SEC23 homolog A, COPII component",0.0014783194187388072
ENSG00000249446,TRAJ60,T cell receptor alpha joining 60 (pseudogene),0.0014783194187388072
ENSG00000186951,PPARA,peroxisome proliferator activated receptor alpha,0.0014783194187388072
ENSG00000235602,POU5F1P3,POU class 5 homeobox 1 pseudogene 3,0.0014783194187388072
ENSG00000107798,LIPA,"lipase A, lysosomal acid type",0.0014783194187388072
ENSG00000128242,GAL3ST1,galactose-3-O-sulfotransferase 1,0.0014783194187388072
ENSG00000165970,SLC6A5,solute carrier family 6 member 5,0.0014783194187388072
ENSG00000091831,ESR1,estrogen receptor 1,0.0014783194187388072
ENSG00000213927,CCL27,C-C motif chemokine ligand 27,0.0014783194187388072
ENSG00000104936,DMPK,DM1 protein kinase,0.0014783194187388072
ENSG00000175387,SMAD2,SMAD family member 2,0.0014783194187388072
ENSG00000203747,FCGR3A,Fc gamma receptor IIIa,0.0014783194187388072
ENSG00000167635,ZNF146,zinc finger protein 146,0.0014783194187388072
ENSG00000143543,JTB,jumping translocation breakpoint,0.0014783194187388072
ENSG00000242950,ERVW-1,"endogenous retrovirus group W member 1, envelope",0.0014783194187388072
ENSG00000092054,MYH7,myosin heavy chain 7,0.0014783194187388072
ENSG00000115850,LCT,lactase,0.0014783194187388072
ENSG00000237872,POU5F1P4,POU class 5 homeobox 1 pseudogene 4,0.0014783194187388072
ENSG00000173281,PPP1R3B,protein phosphatase 1 regulatory subunit 3B,0.0014783194187388072
ENSG00000158480,SPATA2,spermatogenesis associated 2,0.0014783194187388072
ENSG00000152782,PANK1,pantothenate kinase 1,0.0014783194187388072
ENSG00000293339,ENSG00000293339,novel transcript,0.0014783194187388072
ENSG00000139428,MMAB,metabolism of cobalamin associated B,0.0014783194187388072
ENSG00000179715,PCED1B,PC-esterase domain containing 1B,0.0014783194187388072
ENSG00000185760,KCNQ5,potassium voltage-gated channel subfamily Q member 5,0.0014783194187388072
ENSG00000005187,ACSM3,acyl-CoA synthetase medium chain family member 3,0.0014783194187388072
ENSG00000067560,RHOA,ras homolog family member A,0.0014783194187388072
ENSG00000006459,KDM7A,lysine demethylase 7A,0.0014783194187388072
ENSG00000100804,PSMB5,proteasome 20S subunit beta 5,0.0014783194187388072
ENSG00000130649,CYP2E1,cytochrome P450 family 2 subfamily E member 1,0.0014783194187388072
ENSG00000139437,TCHP,trichoplein keratin filament binding,0.0014783194187388072
ENSG00000171873,ADRA1D,adrenoceptor alpha 1D,0.0014783194187388072
ENSG00000188389,PDCD1,programmed cell death 1,0.0014783194187388072
ENSG00000143933,CALM2,calmodulin 2,0.0014783194187388072
ENSG00000226344,CST12P,"cystatin 12, pseudogene",0.0014783194187388072
ENSG00000103111,MON1B,MON1 vesicular trafficking associated B,0.0014783194187388072
ENSG00000005469,CROT,carnitine O-octanoyltransferase,0.0014783194187388072
ENSG00000116337,AMPD2,adenosine monophosphate deaminase 2,0.0014783194187388072
ENSG00000181915,ADO,2-aminoethanethiol dioxygenase,0.0014783194187388072
ENSG00000181915,ADO,2-aminoethanethiol dioxygenase,0.0014783194187388072
ENSG00000050820,BCAR1,"BCAR1 scaffold protein, Cas family member",0.0014783194187388072
ENSG00000167996,FTH1,ferritin heavy chain 1,0.0014783194187388072
ENSG00000153814,JAZF1,JAZF zinc finger 1,0.0014783194187388072
ENSG00000260565,ERVK13-1,endogenous retrovirus group K13 member 1,0.0014783194187388072
ENSG00000114739,ACVR2B,activin A receptor type 2B,0.0014783194187388072
ENSG00000121335,PRB2,proline rich protein BstNI subfamily 2,0.0014783194187388072
ENSG00000120156,TEK,TEK receptor tyrosine kinase,0.0014783194187388072
ENSG00000116748,AMPD1,adenosine monophosphate deaminase 1,0.0014783194187388072
ENSG00000166803,PCLAF,PCNA clamp associated factor,0.0014783194187388072
ENSG00000186951,PPARA,peroxisome proliferator activated receptor alpha,0.0014783194187388072
ENSG00000173915,ATP5MK,ATP synthase membrane subunit k,0.0014783194187388072
ENSG00000154553,PDLIM3,PDZ and LIM domain 3,0.0014783194187388072
ENSG00000144278,GALNT13,polypeptide N-acetylgalactosaminyltransferase 13,0.0014783194187388072
ENSG00000215021,PHB2,prohibitin 2,0.0014783194187388072
ENSG00000129214,SHBG,sex hormone binding globulin,0.0014783194187388072
ENSG00000107518,ATRNL1,attractin like 1,0.0014783194187388072
ENSG00000147437,GNRH1,gonadotropin releasing hormone 1,0.0014783194187388072
ENSG00000160683,CXCR5,C-X-C motif chemokine receptor 5,0.0014783194187388072
ENSG00000198727,MT-CYB,mitochondrially encoded cytochrome b,0.0014783194187388072
ENSG00000244476,ERVFRD-1,"endogenous retrovirus group FRD member 1, envelope",0.0014783194187388072
ENSG00000162174,ASRGL1,asparaginase and isoaspartyl peptidase 1,0.0014783194187388072
ENSG00000204305,AGER,advanced glycosylation end-product specific receptor,0.0014783194187388072
ENSG00000149564,ESAM,endothelial cell adhesion molecule,0.0014783194187388072
ENSG00000239571,IGKV2D-30,immunoglobulin kappa variable 2D-30,0.0014783194187388072
ENSG00000239732,TLR9,toll like receptor 9,0.0014783194187388072
ENSG00000160014,CALM3,calmodulin 3,0.0014783194187388072
ENSG00000198561,CTNND1,catenin delta 1,0.0014783194187388072
ENSG00000153814,JAZF1,JAZF zinc finger 1,0.0014783194187388072
ENSG00000143384,MCL1,"MCL1 apoptosis regulator, BCL2 family member",0.0014783194187388072
ENSG00000163914,RHO,rhodopsin,0.0014783194187388072
ENSG00000114739,ACVR2B,activin A receptor type 2B,0.0014783194187388072
ENSG00000149564,ESAM,endothelial cell adhesion molecule,0.0014783194187388072
ENSG00000143919,CAMKMT,calmodulin-lysine N-methyltransferase,0.0014783194187388072
ENSG00000198727,MT-CYB,mitochondrially encoded cytochrome b,0.0014783194187388072
ENSG00000013441,CLK1,CDC like kinase 1,0.0014783194187388072
ENSG00000007264,MATK,megakaryocyte-associated tyrosine kinase,0.0014783194187388072
ENSG00000170365,SMAD1,SMAD family member 1,0.0014783194187388072
ENSG00000049130,KITLG,KIT ligand,0.0014783194187388072
ENSG00000211810,TRAV29DV5,T cell receptor alpha variable 29/delta variable 5,0.0014783194187388072
ENSG00000198408,OGA,O-GlcNAcase,0.0014783194187388072
ENSG00000010671,BTK,Bruton tyrosine kinase,0.0014783194187388072
ENSG00000088926,F11,coagulation factor XI,0.0014783194187388072
ENSG00000164414,SLC35A1,solute carrier family 35 member A1,0.0014783194187388072
ENSG00000135404,CD63,CD63 molecule,0.0014783194187388072
ENSG00000181634,TNFSF15,TNF superfamily member 15,0.0014783194187388072
ENSG00000204525,HLA-C,"major histocompatibility complex, class I, C",0.0014783194187388072
ENSG00000260565,ERVK13-1,endogenous retrovirus group K13 member 1,0.0014783194187388072
ENSG00000198431,TXNRD1,thioredoxin reductase 1,0.0014783194187388072
ENSG00000100934,SEC23A,"SEC23 homolog A, COPII component",0.0014783194187388072
ENSG00000100804,PSMB5,proteasome 20S subunit beta 5,0.0014783194187388072
ENSG00000170365,SMAD1,SMAD family member 1,0.0014783194187388072
ENSG00000173915,ATP5MK,ATP synthase membrane subunit k,0.0014783194187388072
ENSG00000178741,COX5A,cytochrome c oxidase subunit 5A,0.0014783194187388072
ENSG00000163914,RHO,rhodopsin,0.0014783194187388072
ENSG00000010361,FUZ,fuzzy planar cell polarity protein,0.0014783194187388072
ENSG00000121335,PRB2,proline rich protein BstNI subfamily 2,0.0014783194187388072
ENSG00000167996,FTH1,ferritin heavy chain 1,0.0014783194187388072
ENSG00000235602,POU5F1P3,POU class 5 homeobox 1 pseudogene 3,0.0014783194187388072
ENSG00000123374,CDK2,cyclin dependent kinase 2,0.0014783194187388072
ENSG00000025423,HSD17B6,hydroxysteroid 17-beta dehydrogenase 6,0.0014783194187388072
ENSG00000177425,PAWR,pro-apoptotic WT1 regulator,0.0014783194187388072
ENSG00000110324,IL10RA,interleukin 10 receptor subunit alpha,0.0014783194187388072
ENSG00000124107,SLPI,secretory leukocyte peptidase inhibitor,0.0014783194187388072
ENSG00000198668,CALM1,calmodulin 1,0.0014783194187388072
ENSG00000049541,RFC2,replication factor C subunit 2,0.0014783194187388072
ENSG00000124207,CSE1L,chromosome segregation 1 like,0.0014783194187388072
ENSG00000178741,COX5A,cytochrome c oxidase subunit 5A,0.0014783194187388072
ENSG00000129214,SHBG,sex hormone binding globulin,0.0014783194187388072
ENSG00000234745,HLA-B,"major histocompatibility complex, class I, B",0.0014783194187388072
ENSG00000005469,CROT,carnitine O-octanoyltransferase,0.0014783194187388072
ENSG00000181915,ADO,2-aminoethanethiol dioxygenase,0.0014783194187388072
ENSG00000116337,AMPD2,adenosine monophosphate deaminase 2,0.0014783194187388072
ENSG00000139428,MMAB,metabolism of cobalamin associated B,0.0014783194187388072
ENSG00000139437,TCHP,trichoplein keratin filament binding,0.0014783194187388072
ENSG00000244682,FCGR2C,Fc gamma receptor IIc (gene/pseudogene),0.0014783194187388072
ENSG00000143933,CALM2,calmodulin 2,0.0014783194187388072
ENSG00000152782,PANK1,pantothenate kinase 1,0.0014783194187388072
ENSG00000138801,PAPSS1,3'-phosphoadenosine 5'-phosphosulfate synthase 1,0.0014783194187388072
ENSG00000211810,TRAV29DV5,T cell receptor alpha variable 29/delta variable 5,0.0014783194187388072
ENSG00000213927,CCL27,C-C motif chemokine ligand 27,0.0014783194187388072
ENSG00000173281,PPP1R3B,protein phosphatase 1 regulatory subunit 3B,0.0014783194187388072
ENSG00000293339,ENSG00000293339,novel transcript,0.0014783194187388072
ENSG00000203710,CR1,complement C3b/C4b receptor 1 (Knops blood group),0.0014783194187388072
ENSG00000170365,SMAD1,SMAD family member 1,0.0014783194187388072
ENSG00000133805,AMPD3,adenosine monophosphate deaminase 3,0.0014783194187388072
ENSG00000108784,NAGLU,N-acetyl-alpha-glucosaminidase,0.0014783194187388072
ENSG00000185760,KCNQ5,potassium voltage-gated channel subfamily Q member 5,0.0014783194187388072
ENSG00000103111,MON1B,MON1 vesicular trafficking associated B,0.0014783194187388072
ENSG00000226344,CST12P,"cystatin 12, pseudogene",0.0014783194187388072
ENSG00000005187,ACSM3,acyl-CoA synthetase medium chain family member 3,0.0014783194187388072
ENSG00000177425,PAWR,pro-apoptotic WT1 regulator,0.0014783194187388072
ENSG00000143919,CAMKMT,calmodulin-lysine N-methyltransferase,0.0014783194187388072
ENSG00000265681,RPL17,ribosomal protein L17,0.0014783194187388072
ENSG00000198431,TXNRD1,thioredoxin reductase 1,0.0014783194187388072
ENSG00000068078,FGFR3,fibroblast growth factor receptor 3,0.0014783194187388072
ENSG00000204531,POU5F1,POU class 5 homeobox 1,0.0014783194187388072
ENSG00000167281,RBFOX3,RNA binding fox-1 homolog 3,0.0014783194187388072
ENSG00000100804,PSMB5,proteasome 20S subunit beta 5,0.0014783194187388072
ENSG00000126581,BECN1,beclin 1,0.0014783194187388072
ENSG00000145335,SNCA,synuclein alpha,0.0014783194187388072
ENSG00000116748,AMPD1,adenosine monophosphate deaminase 1,0.0014783194187388072
ENSG00000067560,RHOA,ras homolog family member A,0.0014783194187388072
ENSG00000171873,ADRA1D,adrenoceptor alpha 1D,0.0014783194187388072
ENSG00000188389,PDCD1,programmed cell death 1,0.0014783194187388072
ENSG00000166803,PCLAF,PCNA clamp associated factor,0.0014783194187388072
ENSG00000145335,SNCA,synuclein alpha,0.0014783194187388072
